Timestamp,Epoch,AvgEnergy
2025-08-20T06:49:14.514Z,1755672554514,0.014060000000000003
2025-08-20T06:49:15.418Z,1755672555418,0.015160000000000003
2025-08-20T06:49:15.715Z,1755672555715,0.014793333333333337
2025-08-20T06:49:17.524Z,1755672557524,0.015160000000000003
2025-08-20T06:49:17.820Z,1755672557820,0.014940000000000004
2025-08-20T06:49:18.724Z,1755672558724,0.015160000000000002
2025-08-20T06:49:19.023Z,1755672559023,0.015002857142857146
2025-08-20T06:49:21.426Z,1755672561426,0.015160000000000003
2025-08-20T06:49:21.724Z,1755672561724,0.01503777777777778
2025-08-20T06:49:22.331Z,1755672562331,0.015160000000000002
2025-08-20T06:49:22.932Z,1755672562932,0.015060000000000002
2025-08-20T06:49:23.535Z,1755672563535,0.015160000000000002
2025-08-20T06:49:23.833Z,1755672563833,0.015075384615384619
2025-08-20T06:49:32.859Z,1755672572859,0.015160000000000003
2025-08-20T06:49:33.160Z,1755672573160,0.01508666666666667
2025-08-20T06:49:36.467Z,1755672576467,0.015160000000000003
2025-08-20T06:49:37.070Z,1755672577070,0.015095294117647063
2025-08-20T06:49:39.170Z,1755672579170,0.015160000000000003
2025-08-20T06:49:39.473Z,1755672579473,0.0151021052631579
2025-08-20T06:49:40.074Z,1755672580074,0.015160000000000003
2025-08-20T06:49:40.374Z,1755672580374,0.015107619047619052
2025-08-20T06:49:41.279Z,1755672581279,0.015160000000000005
2025-08-20T06:49:41.880Z,1755672581880,0.015112173913043482
2025-08-20T06:49:42.482Z,1755672582482,0.015160000000000005
2025-08-20T06:49:42.782Z,1755672582782,0.015116000000000004
2025-08-20T06:49:43.087Z,1755672583087,0.015160000000000005
2025-08-20T06:49:43.382Z,1755672583382,0.015119259259259265
2025-08-20T06:49:44.238Z,1755672584238,0.015160000000000005
2025-08-20T06:49:44.587Z,1755672584587,0.015122068965517247
2025-08-20T06:49:45.490Z,1755672585490,0.015160000000000005
2025-08-20T06:49:45.789Z,1755672585789,0.015124516129032263
2025-08-20T06:49:46.950Z,1755672586950,0.015160000000000005
2025-08-20T06:49:47.252Z,1755672587252,0.015126666666666672
2025-08-20T06:49:48.148Z,1755672588148,0.015160000000000007
2025-08-20T06:49:48.453Z,1755672588453,0.015128571428571434
2025-08-20T06:49:48.750Z,1755672588750,0.015160000000000007
2025-08-20T06:49:49.071Z,1755672589071,0.015130270270270276
2025-08-20T06:49:49.973Z,1755672589973,0.015160000000000007
2025-08-20T06:49:50.572Z,1755672590572,0.015131794871794878
2025-08-20T06:49:51.773Z,1755672591773,0.015160000000000007
2025-08-20T06:49:52.073Z,1755672592073,0.015133170731707323
2025-08-20T06:49:53.577Z,1755672593577,0.015160000000000007
2025-08-20T06:49:54.476Z,1755672594476,0.015134418604651168
2025-08-20T06:49:55.381Z,1755672595381,0.015160000000000007
2025-08-20T06:49:55.979Z,1755672595979,0.015135555555555562
2025-08-20T06:49:56.284Z,1755672596284,0.015160000000000007
2025-08-20T06:49:56.582Z,1755672596582,0.015136595744680856
2025-08-20T06:49:57.186Z,1755672597186,0.015160000000000007
2025-08-20T06:49:57.784Z,1755672597784,0.015137551020408169
2025-08-20T06:49:59.287Z,1755672599287,0.015160000000000007
2025-08-20T06:49:59.590Z,1755672599590,0.015138431372549025
2025-08-20T06:50:01.695Z,1755672601695,0.015160000000000007
2025-08-20T06:50:02.597Z,1755672602597,0.015139245283018873
2025-08-20T06:50:07.408Z,1755672607408,0.015078518518518524
2025-08-20T06:50:07.709Z,1755672607709,0.015060000000000004
2025-08-20T06:50:08.510Z,1755672608510,0.015081428571428577
2025-08-20T06:50:08.912Z,1755672608912,0.015063508771929829
2025-08-20T06:50:09.771Z,1755672609771,0.015084137931034488
2025-08-20T06:50:10.074Z,1755672610074,0.015066779661016954
2025-08-20T06:50:15.380Z,1755672615380,0.015086666666666672
2025-08-20T06:50:15.688Z,1755672615688,0.015069836065573775
2025-08-20T06:50:16.593Z,1755672616593,0.015089032258064522
2025-08-20T06:50:16.889Z,1755672616889,0.015072698412698418
2025-08-20T06:50:17.192Z,1755672617192,0.015091250000000006
2025-08-20T06:50:17.788Z,1755672617788,0.01507538461538462
2025-08-20T06:50:18.089Z,1755672618089,0.015093333333333339
2025-08-20T06:50:18.391Z,1755672618391,0.0150779104477612
2025-08-20T06:50:21.396Z,1755672621396,0.015095294117647063
2025-08-20T06:50:21.701Z,1755672621701,0.015080289855072468
2025-08-20T06:50:22.296Z,1755672622296,0.01509714285714286
2025-08-20T06:50:22.600Z,1755672622600,0.015082535211267607
2025-08-20T06:50:23.202Z,1755672623202,0.01509888888888889
2025-08-20T06:50:23.501Z,1755672623501,0.015084657534246575
2025-08-20T06:50:25.003Z,1755672625003,0.01510054054054054
2025-08-20T06:50:25.304Z,1755672625304,0.015086666666666667
2025-08-20T06:50:25.603Z,1755672625603,0.015102105263157894
2025-08-20T06:50:26.207Z,1755672626207,0.015088571428571427
2025-08-20T06:50:27.109Z,1755672627109,0.01510358974358974
2025-08-20T06:50:27.409Z,1755672627409,0.01509037974683544
2025-08-20T06:50:28.611Z,1755672628611,0.015104999999999997
2025-08-20T06:50:28.912Z,1755672628912,0.015092098765432094
2025-08-20T06:50:31.916Z,1755672631916,0.015106341463414628
2025-08-20T06:50:32.219Z,1755672632219,0.01509373493975903
2025-08-20T06:50:35.522Z,1755672635522,0.015107619047619042
2025-08-20T06:50:36.129Z,1755672636129,0.015095294117647052
2025-08-20T06:50:36.732Z,1755672636732,0.015108837209302318
2025-08-20T06:50:37.331Z,1755672637331,0.015096781609195396
2025-08-20T06:50:37.632Z,1755672637632,0.015109999999999991
2025-08-20T06:50:37.934Z,1755672637934,0.015098202247191004
2025-08-20T06:50:38.236Z,1755672638236,0.015111111111111103
2025-08-20T06:50:38.535Z,1755672638535,0.015099560439560431
2025-08-20T06:50:42.150Z,1755672642150,0.015112173913043469
2025-08-20T06:50:42.446Z,1755672642446,0.015100860215053753
2025-08-20T06:50:45.451Z,1755672645451,0.015113191489361692
2025-08-20T06:50:45.755Z,1755672645755,0.015102105263157884
2025-08-20T06:50:46.957Z,1755672646957,0.015114166666666656
2025-08-20T06:50:47.259Z,1755672647259,0.015103298969072153
2025-08-20T06:50:48.158Z,1755672648158,0.015115102040816314
2025-08-20T06:50:48.456Z,1755672648456,0.015104444444444433
2025-08-20T06:50:50.264Z,1755672650264,0.015115999999999987
2025-08-20T06:50:50.565Z,1755672650565,0.015115999999999987
2025-08-20T06:50:53.234Z,1755672653234,0.015115999999999987
2025-08-20T06:50:53.533Z,1755672653533,0.015115999999999987
2025-08-20T06:50:55.041Z,1755672655041,0.015115999999999987
2025-08-20T06:50:55.338Z,1755672655338,0.015115999999999987
2025-08-20T06:50:55.640Z,1755672655640,0.015115999999999987
2025-08-20T06:50:55.936Z,1755672655936,0.015115999999999987
2025-08-20T06:50:56.239Z,1755672656239,0.015115999999999987
2025-08-20T06:50:56.537Z,1755672656537,0.015115999999999987
2025-08-20T06:50:57.741Z,1755672657741,0.015115999999999987
2025-08-20T06:50:58.047Z,1755672658047,0.015115999999999987
2025-08-20T06:50:58.343Z,1755672658343,0.015115999999999987
2025-08-20T06:50:58.646Z,1755672658646,0.015115999999999987
2025-08-20T06:51:00.753Z,1755672660753,0.015115999999999987
2025-08-20T06:51:01.052Z,1755672661052,0.015093999999999988
2025-08-20T06:51:01.353Z,1755672661353,0.015071999999999988
2025-08-20T06:51:04.663Z,1755672664663,0.015093999999999988
2025-08-20T06:51:06.167Z,1755672666167,0.015071999999999988
2025-08-20T06:51:06.466Z,1755672666466,0.015093999999999988
2025-08-20T06:51:06.768Z,1755672666768,0.015071999999999988
2025-08-20T06:51:10.074Z,1755672670074,0.015093999999999988
2025-08-20T06:51:10.374Z,1755672670374,0.015071999999999988
2025-08-20T06:51:11.876Z,1755672671876,0.015093999999999988
2025-08-20T06:51:12.198Z,1755672672198,0.015071999999999988
2025-08-20T06:51:12.793Z,1755672672793,0.015093999999999988
2025-08-20T06:51:13.092Z,1755672673092,0.015071999999999988
2025-08-20T06:51:14.294Z,1755672674294,0.015093999999999988
2025-08-20T06:51:14.894Z,1755672674894,0.015071999999999988
2025-08-20T06:51:16.400Z,1755672676400,0.015093999999999988
2025-08-20T06:51:16.701Z,1755672676701,0.015071999999999988
2025-08-20T06:51:18.205Z,1755672678205,0.015093999999999988
2025-08-20T06:51:18.504Z,1755672678504,0.015071999999999988
2025-08-20T06:51:20.905Z,1755672680905,0.015093999999999988
2025-08-20T06:51:21.204Z,1755672681204,0.015071999999999988
2025-08-20T06:51:22.709Z,1755672682709,0.015093999999999988
2025-08-20T06:51:23.008Z,1755672683008,0.015071999999999988
2025-08-20T06:51:25.680Z,1755672685680,0.015093999999999988
2025-08-20T06:51:25.982Z,1755672685982,0.015071999999999988
2025-08-20T06:51:26.282Z,1755672686282,0.015093999999999988
2025-08-20T06:51:26.886Z,1755672686886,0.015071999999999988
2025-08-20T06:51:27.182Z,1755672687182,0.015093999999999988
2025-08-20T06:51:27.483Z,1755672687483,0.015071999999999988
2025-08-20T06:51:27.785Z,1755672687785,0.015093999999999988
2025-08-20T06:51:28.083Z,1755672688083,0.015071999999999988
2025-08-20T06:51:28.684Z,1755672688684,0.015093999999999988
2025-08-20T06:51:29.887Z,1755672689887,0.015071999999999988
2025-08-20T06:51:31.089Z,1755672691089,0.015093999999999988
2025-08-20T06:51:31.290Z,1755672691290,0.015071999999999988
2025-08-20T06:51:32.191Z,1755672692191,0.015093999999999988
2025-08-20T06:51:32.593Z,1755672692593,0.015071999999999988
2025-08-20T06:51:34.402Z,1755672694402,0.015093999999999988
2025-08-20T06:51:34.698Z,1755672694698,0.015071999999999988
2025-08-20T06:51:37.311Z,1755672697311,0.015093999999999988
2025-08-20T06:51:38.210Z,1755672698210,0.015115999999999987
2025-08-20T06:51:39.708Z,1755672699708,0.015137999999999987
2025-08-20T06:51:40.009Z,1755672700009,0.015115999999999987
2025-08-20T06:51:40.919Z,1755672700919,0.015137999999999987
2025-08-20T06:51:41.214Z,1755672701214,0.015115999999999987
2025-08-20T06:51:43.320Z,1755672703320,0.015137999999999987
2025-08-20T06:51:43.621Z,1755672703621,0.015115999999999987
2025-08-20T06:51:46.327Z,1755672706327,0.015137999999999987
2025-08-20T06:51:46.931Z,1755672706931,0.015115999999999987
2025-08-20T06:51:48.130Z,1755672708130,0.015137999999999987
2025-08-20T06:51:48.433Z,1755672708433,0.015115999999999987
2025-08-20T06:51:49.633Z,1755672709633,0.015137999999999987
2025-08-20T06:51:50.535Z,1755672710535,0.015115999999999987
2025-08-20T06:51:52.940Z,1755672712940,0.015137999999999987
2025-08-20T06:51:53.238Z,1755672713238,0.015115999999999987
2025-08-20T06:51:54.141Z,1755672714141,0.015137999999999987
2025-08-20T06:51:54.444Z,1755672714444,0.015115999999999987
2025-08-20T06:51:55.642Z,1755672715642,0.015137999999999987
2025-08-20T06:51:55.947Z,1755672715947,0.015115999999999987
2025-08-20T06:51:56.848Z,1755672716848,0.015137999999999987
2025-08-20T06:51:57.151Z,1755672717151,0.015115999999999987
2025-08-20T06:51:58.349Z,1755672718349,0.015137999999999987
2025-08-20T06:51:58.649Z,1755672718649,0.015115999999999987
2025-08-20T06:52:00.455Z,1755672720455,0.015137999999999987
2025-08-20T06:52:00.753Z,1755672720753,0.015115999999999987
2025-08-20T06:52:01.960Z,1755672721960,0.015137999999999987
2025-08-20T06:52:02.258Z,1755672722258,0.015115999999999987
2025-08-20T06:52:05.531Z,1755672725531,0.015137999999999987
2025-08-20T06:52:05.830Z,1755672725830,0.015115999999999987
2025-08-20T06:52:07.633Z,1755672727633,0.015137999999999987
2025-08-20T06:52:07.933Z,1755672727933,0.015115999999999987
2025-08-20T06:52:08.534Z,1755672728534,0.015137999999999987
2025-08-20T06:52:08.834Z,1755672728834,0.015115999999999987
2025-08-20T06:52:09.135Z,1755672729135,0.015137999999999987
2025-08-20T06:52:09.436Z,1755672729436,0.015115999999999987
2025-08-20T06:52:10.342Z,1755672730342,0.015137999999999987
2025-08-20T06:52:11.244Z,1755672731244,0.015115999999999987
2025-08-20T06:52:11.544Z,1755672731544,0.015137999999999987
2025-08-20T06:52:11.845Z,1755672731845,0.015115999999999987
2025-08-20T06:52:12.146Z,1755672732146,0.015137999999999987
2025-08-20T06:52:12.445Z,1755672732445,0.015115999999999987
2025-08-20T06:52:13.647Z,1755672733647,0.015137999999999987
2025-08-20T06:52:14.855Z,1755672734855,0.015115999999999987
2025-08-20T06:52:16.357Z,1755672736357,0.015137999999999987
2025-08-20T06:52:16.959Z,1755672736959,0.015115999999999987
2025-08-20T06:52:17.258Z,1755672737258,0.015137999999999987
2025-08-20T06:52:17.562Z,1755672737562,0.015093999999999988
2025-08-20T06:52:17.866Z,1755672737866,0.015115999999999987
2025-08-20T06:52:18.169Z,1755672738169,0.015093999999999988
2025-08-20T06:52:18.769Z,1755672738769,0.015115999999999987
2025-08-20T06:52:19.069Z,1755672739069,0.015093999999999988
2025-08-20T06:52:20.240Z,1755672740240,0.015115999999999987
2025-08-20T06:52:20.840Z,1755672740840,0.015093999999999988
2025-08-20T06:52:21.741Z,1755672741741,0.015071999999999988
2025-08-20T06:52:22.045Z,1755672742045,0.015049999999999987
2025-08-20T06:52:22.948Z,1755672742948,0.015071999999999988
2025-08-20T06:52:23.245Z,1755672743245,0.015049999999999987
2025-08-20T06:52:23.549Z,1755672743549,0.015071999999999988
2025-08-20T06:52:24.148Z,1755672744148,0.015049999999999987
2025-08-20T06:52:24.448Z,1755672744448,0.015071999999999988
2025-08-20T06:52:24.749Z,1755672744749,0.015049999999999987
2025-08-20T06:52:25.952Z,1755672745952,0.015093999999999988
2025-08-20T06:52:26.555Z,1755672746555,0.015093999999999988
2025-08-20T06:52:28.655Z,1755672748655,0.015093999999999988
2025-08-20T06:52:29.258Z,1755672749258,0.015093999999999988
2025-08-20T06:52:30.157Z,1755672750157,0.015093999999999988
2025-08-20T06:52:30.760Z,1755672750760,0.015093999999999988
2025-08-20T06:52:32.565Z,1755672752565,0.015093999999999988
2025-08-20T06:52:32.863Z,1755672752863,0.015093999999999988
2025-08-20T06:52:33.462Z,1755672753462,0.015093999999999988
2025-08-20T06:52:33.763Z,1755672753763,0.015093999999999988
2025-08-20T06:52:34.067Z,1755672754067,0.015093999999999988
2025-08-20T06:52:34.364Z,1755672754364,0.015093999999999988
2025-08-20T06:52:34.664Z,1755672754664,0.015093999999999988
2025-08-20T06:52:34.966Z,1755672754966,0.015093999999999988
2025-08-20T06:52:35.569Z,1755672755569,0.015093999999999988
2025-08-20T06:52:36.169Z,1755672756169,0.015093999999999988
2025-08-20T06:52:37.671Z,1755672757671,0.015093999999999988
2025-08-20T06:52:37.975Z,1755672757975,0.015093999999999988
2025-08-20T06:52:40.078Z,1755672760078,0.015093999999999988
2025-08-20T06:52:40.377Z,1755672760377,0.015071999999999988
2025-08-20T06:52:40.677Z,1755672760677,0.015049999999999987
2025-08-20T06:52:43.385Z,1755672763385,0.015071999999999988
2025-08-20T06:52:43.686Z,1755672763686,0.015049999999999987
2025-08-20T06:52:45.789Z,1755672765789,0.015071999999999988
2025-08-20T06:52:46.093Z,1755672766093,0.015049999999999987
2025-08-20T06:52:46.690Z,1755672766690,0.015071999999999988
2025-08-20T06:52:46.992Z,1755672766992,0.015049999999999987
2025-08-20T06:52:48.497Z,1755672768497,0.015071999999999988
2025-08-20T06:52:48.753Z,1755672768753,0.015049999999999987
2025-08-20T06:52:49.101Z,1755672769101,0.015071999999999988
2025-08-20T06:52:49.355Z,1755672769355,0.015049999999999987
2025-08-20T06:52:51.757Z,1755672771757,0.015071999999999988
2025-08-20T06:52:52.063Z,1755672772063,0.015049999999999987
2025-08-20T06:52:52.664Z,1755672772664,0.015071999999999988
2025-08-20T06:52:52.967Z,1755672772967,0.015049999999999987
2025-08-20T06:52:53.262Z,1755672773262,0.015071999999999988
2025-08-20T06:52:53.568Z,1755672773568,0.015049999999999987
2025-08-20T06:52:56.267Z,1755672776267,0.015071999999999988
2025-08-20T06:52:56.569Z,1755672776569,0.015049999999999987
2025-08-20T06:52:58.976Z,1755672778976,0.015071999999999988
2025-08-20T06:52:59.278Z,1755672779278,0.015049999999999987
2025-08-20T06:53:00.778Z,1755672780778,0.015071999999999988
2025-08-20T06:53:01.077Z,1755672781077,0.015049999999999987
2025-08-20T06:53:01.677Z,1755672781677,0.015071999999999988
2025-08-20T06:53:01.979Z,1755672781979,0.015049999999999987
2025-08-20T06:53:04.389Z,1755672784389,0.015071999999999988
2025-08-20T06:53:04.989Z,1755672784989,0.015049999999999987
2025-08-20T06:53:06.792Z,1755672786792,0.015093999999999988
2025-08-20T06:53:07.092Z,1755672787092,0.015093999999999988
2025-08-20T06:53:07.392Z,1755672787392,0.015093999999999988
2025-08-20T06:53:08.294Z,1755672788294,0.015093999999999988
2025-08-20T06:53:08.596Z,1755672788596,0.015093999999999988
2025-08-20T06:53:08.896Z,1755672788896,0.015093999999999988
2025-08-20T06:53:09.198Z,1755672789198,0.015093999999999988
2025-08-20T06:53:09.398Z,1755672789398,0.015093999999999988
2025-08-20T06:53:09.699Z,1755672789699,0.015093999999999988
2025-08-20T06:53:10.601Z,1755672790601,0.015093999999999988
2025-08-20T06:53:11.002Z,1755672791002,0.015093999999999988
2025-08-20T06:53:13.409Z,1755672793409,0.015093999999999988
2025-08-20T06:53:13.908Z,1755672793908,0.015093999999999988
2025-08-20T06:53:14.809Z,1755672794809,0.015093999999999988
2025-08-20T06:53:15.110Z,1755672795110,0.015093999999999988
2025-08-20T06:53:16.612Z,1755672796612,0.015093999999999988
2025-08-20T06:53:17.011Z,1755672797011,0.015093999999999988
2025-08-20T06:53:17.811Z,1755672797811,0.015093999999999988
2025-08-20T06:53:18.413Z,1755672798413,0.015093999999999988
2025-08-20T06:53:19.320Z,1755672799320,0.015093999999999988
2025-08-20T06:53:19.617Z,1755672799617,0.015093999999999988
2025-08-20T06:53:22.627Z,1755672802627,0.015093999999999988
2025-08-20T06:53:22.927Z,1755672802927,0.015093999999999988
2025-08-20T06:53:25.635Z,1755672805635,0.015093999999999988
2025-08-20T06:53:25.935Z,1755672805935,0.015093999999999988
2025-08-20T06:53:27.438Z,1755672807438,0.015093999999999988
2025-08-20T06:53:27.992Z,1755672807992,0.015093999999999988
2025-08-20T06:53:28.603Z,1755672808603,0.015093999999999988
2025-08-20T06:53:28.895Z,1755672808895,0.015093999999999988
2025-08-20T06:53:29.501Z,1755672809501,0.015093999999999988
2025-08-20T06:53:29.795Z,1755672809795,0.015093999999999988
2025-08-20T06:53:30.108Z,1755672810108,0.015093999999999988
2025-08-20T06:53:30.405Z,1755672810405,0.015093999999999988
2025-08-20T06:53:33.712Z,1755672813712,0.015093999999999988
2025-08-20T06:53:34.004Z,1755672814004,0.015093999999999988
2025-08-20T06:53:34.610Z,1755672814610,0.015093999999999988
2025-08-20T06:53:35.213Z,1755672815213,0.015093999999999988
2025-08-20T06:53:39.722Z,1755672819722,0.015093999999999988
2025-08-20T06:53:40.020Z,1755672820020,0.015115999999999987
2025-08-20T06:53:41.521Z,1755672821521,0.015115999999999987
2025-08-20T06:53:41.820Z,1755672821820,0.015115999999999987
2025-08-20T06:53:46.930Z,1755672826930,0.015071999999999988
2025-08-20T06:53:47.233Z,1755672827233,0.015093999999999988
2025-08-20T06:53:47.530Z,1755672827530,0.015071999999999988
2025-08-20T06:53:47.832Z,1755672827832,0.015093999999999988
2025-08-20T06:53:48.739Z,1755672828739,0.015115999999999987
2025-08-20T06:53:51.438Z,1755672831438,0.015137999999999987
2025-08-20T06:53:51.740Z,1755672831740,0.015115999999999987
2025-08-20T06:53:55.348Z,1755672835348,0.015137999999999987
2025-08-20T06:53:55.650Z,1755672835650,0.015115999999999987
2025-08-20T06:53:58.353Z,1755672838353,0.015137999999999987
2025-08-20T06:53:58.654Z,1755672838654,0.015115999999999987
2025-08-20T06:53:58.953Z,1755672838953,0.015137999999999987
2025-08-20T06:53:59.256Z,1755672839256,0.015115999999999987
2025-08-20T06:54:03.162Z,1755672843162,0.015137999999999987
2025-08-20T06:54:03.464Z,1755672843464,0.015115999999999987
2025-08-20T06:54:04.363Z,1755672844363,0.015137999999999987
2025-08-20T06:54:04.664Z,1755672844664,0.015115999999999987
2025-08-20T06:54:09.772Z,1755672849772,0.015137999999999987
2025-08-20T06:54:10.068Z,1755672850068,0.015115999999999987
2025-08-20T06:54:11.275Z,1755672851275,0.015137999999999987
2025-08-20T06:54:11.571Z,1755672851571,0.015115999999999987
2025-08-20T06:54:13.078Z,1755672853078,0.015137999999999987
2025-08-20T06:54:13.677Z,1755672853677,0.015115999999999987
2025-08-20T06:54:13.979Z,1755672853979,0.015137999999999987
2025-08-20T06:54:14.282Z,1755672854282,0.015115999999999987
2025-08-20T06:54:15.181Z,1755672855181,0.015137999999999987
2025-08-20T06:54:15.786Z,1755672855786,0.015115999999999987
2025-08-20T06:54:20.891Z,1755672860891,0.015137999999999987
2025-08-20T06:54:21.193Z,1755672861193,0.015115999999999987
2025-08-20T06:54:22.394Z,1755672862394,0.015137999999999987
2025-08-20T06:54:22.694Z,1755672862694,0.015115999999999987
2025-08-20T06:54:22.996Z,1755672862996,0.015159999999999986
2025-08-20T06:54:23.300Z,1755672863300,0.015159999999999986
2025-08-20T06:54:24.802Z,1755672864802,0.015159999999999986
2025-08-20T06:54:25.101Z,1755672865101,0.015159999999999986
2025-08-20T06:54:26.006Z,1755672866006,0.015159999999999986
2025-08-20T06:54:26.259Z,1755672866259,0.015159999999999986
2025-08-20T06:54:28.068Z,1755672868068,0.015159999999999986
2025-08-20T06:54:28.368Z,1755672868368,0.015159999999999986
2025-08-20T06:54:32.277Z,1755672872277,0.015159999999999986
2025-08-20T06:54:32.578Z,1755672872578,0.015159999999999986
2025-08-20T06:54:40.291Z,1755672880291,0.015159999999999986
2025-08-20T06:54:40.690Z,1755672880690,0.015159999999999986
2025-08-20T06:54:41.794Z,1755672881794,0.015159999999999986
2025-08-20T06:54:42.194Z,1755672882194,0.015159999999999986
2025-08-20T06:54:42.801Z,1755672882801,0.015159999999999986
2025-08-20T06:54:43.001Z,1755672883001,0.015159999999999986
2025-08-20T06:54:44.202Z,1755672884202,0.015159999999999986
2025-08-20T06:54:44.505Z,1755672884505,0.015159999999999986
2025-08-20T06:54:45.105Z,1755672885105,0.015159999999999986
2025-08-20T06:54:45.705Z,1755672885705,0.015159999999999986
2025-08-20T06:54:46.607Z,1755672886607,0.015159999999999986
2025-08-20T06:54:46.909Z,1755672886909,0.015159999999999986
2025-08-20T06:54:47.510Z,1755672887510,0.015159999999999986
2025-08-20T06:54:47.809Z,1755672887809,0.015159999999999986
2025-08-20T06:54:48.111Z,1755672888111,0.015159999999999986
2025-08-20T06:54:48.713Z,1755672888713,0.015159999999999986
2025-08-20T06:54:50.517Z,1755672890517,0.015159999999999986
2025-08-20T06:54:50.820Z,1755672890820,0.015159999999999986
2025-08-20T06:54:52.920Z,1755672892920,0.015137999999999987
2025-08-20T06:54:53.220Z,1755672893220,0.015115999999999987
2025-08-20T06:54:53.522Z,1755672893522,0.015137999999999987
2025-08-20T06:54:53.826Z,1755672893826,0.015115999999999987
2025-08-20T06:54:54.127Z,1755672894127,0.015137999999999987
2025-08-20T06:54:54.426Z,1755672894426,0.015115999999999987
2025-08-20T06:54:55.028Z,1755672895028,0.015137999999999987
2025-08-20T06:54:55.329Z,1755672895329,0.015115999999999987
2025-08-20T06:54:55.630Z,1755672895630,0.015093999999999988
2025-08-20T06:54:55.932Z,1755672895932,0.015071999999999988
2025-08-20T06:54:57.135Z,1755672897135,0.015093999999999988
2025-08-20T06:54:57.397Z,1755672897397,0.015071999999999988
2025-08-20T06:54:57.737Z,1755672897737,0.015093999999999988
2025-08-20T06:54:58.039Z,1755672898039,0.015071999999999988
2025-08-20T06:54:58.640Z,1755672898640,0.015093999999999988
2025-08-20T06:54:59.242Z,1755672899242,0.015049999999999987
2025-08-20T06:54:59.495Z,1755672899495,0.015049999999999987
2025-08-20T06:55:00.706Z,1755672900706,0.015049999999999987
2025-08-20T06:55:00.998Z,1755672900998,0.015049999999999987
2025-08-20T06:55:04.311Z,1755672904311,0.015049999999999987
2025-08-20T06:55:04.610Z,1755672904610,0.015049999999999987
2025-08-20T06:55:05.815Z,1755672905815,0.015049999999999987
2025-08-20T06:55:06.115Z,1755672906115,0.015049999999999987
2025-08-20T06:55:06.716Z,1755672906716,0.015049999999999987
2025-08-20T06:55:07.017Z,1755672907017,0.015049999999999987
2025-08-20T06:55:08.220Z,1755672908220,0.015049999999999987
2025-08-20T06:55:08.521Z,1755672908521,0.015049999999999987
2025-08-20T06:55:09.427Z,1755672909427,0.015049999999999987
2025-08-20T06:55:09.724Z,1755672909724,0.015049999999999987
2025-08-20T06:55:10.026Z,1755672910026,0.015049999999999987
2025-08-20T06:55:10.326Z,1755672910326,0.015049999999999987
2025-08-20T06:55:10.626Z,1755672910626,0.015049999999999987
2025-08-20T06:55:10.931Z,1755672910931,0.015049999999999987
2025-08-20T06:55:11.228Z,1755672911228,0.015049999999999987
2025-08-20T06:55:11.528Z,1755672911528,0.015049999999999987
2025-08-20T06:55:11.528Z,1755672911528,0.015027999999999988
2025-08-20T06:55:18.148Z,1755672918148,0.015049999999999987
2025-08-20T06:55:18.148Z,1755672918148,0.015049999999999987
2025-08-20T06:55:18.453Z,1755672918453,0.015049999999999987
2025-08-20T06:55:19.050Z,1755672919050,0.015049999999999987
2025-08-20T06:55:19.351Z,1755672919351,0.015049999999999987
2025-08-20T06:55:19.952Z,1755672919952,0.015049999999999987
2025-08-20T06:55:20.252Z,1755672920252,0.015027999999999988
2025-08-20T06:55:20.553Z,1755672920553,0.015049999999999987
2025-08-20T06:55:20.852Z,1755672920852,0.015027999999999988
2025-08-20T06:55:21.458Z,1755672921458,0.015049999999999987
2025-08-20T06:55:21.756Z,1755672921756,0.015027999999999988
2025-08-20T06:55:22.056Z,1755672922056,0.015049999999999987
2025-08-20T06:55:22.355Z,1755672922355,0.015027999999999988
2025-08-20T06:55:23.266Z,1755672923266,0.015049999999999987
2025-08-20T06:55:23.567Z,1755672923567,0.015027999999999988
2025-08-20T06:55:24.469Z,1755672924469,0.015049999999999987
2025-08-20T06:55:24.769Z,1755672924769,0.015027999999999988
2025-08-20T06:55:25.368Z,1755672925368,0.015049999999999987
2025-08-20T06:55:25.671Z,1755672925671,0.015027999999999988
2025-08-20T06:55:26.569Z,1755672926569,0.015049999999999987
2025-08-20T06:55:26.871Z,1755672926871,0.015027999999999988
2025-08-20T06:55:34.689Z,1755672934689,0.015049999999999987
2025-08-20T06:55:34.944Z,1755672934944,0.015027999999999988
2025-08-20T06:55:35.548Z,1755672935548,0.015049999999999987
2025-08-20T06:55:36.143Z,1755672936143,0.015027999999999988
2025-08-20T06:55:36.439Z,1755672936439,0.015049999999999987
2025-08-20T06:55:36.750Z,1755672936750,0.015027999999999988
2025-08-20T06:55:37.344Z,1755672937344,0.015049999999999987
2025-08-20T06:55:37.693Z,1755672937693,0.015027999999999988
2025-08-20T06:55:38.546Z,1755672938546,0.015049999999999987
2025-08-20T06:55:38.849Z,1755672938849,0.015027999999999988
2025-08-20T06:55:39.457Z,1755672939457,0.015049999999999987
2025-08-20T06:55:39.755Z,1755672939755,0.015027999999999988
2025-08-20T06:55:40.964Z,1755672940964,0.015049999999999987
2025-08-20T06:55:41.258Z,1755672941258,0.015027999999999988
2025-08-20T06:55:42.466Z,1755672942466,0.015049999999999987
2025-08-20T06:55:42.763Z,1755672942763,0.015027999999999988
2025-08-20T06:55:46.372Z,1755672946372,0.015049999999999987
2025-08-20T06:55:46.671Z,1755672946671,0.015027999999999988
2025-08-20T06:55:47.273Z,1755672947273,0.015049999999999987
2025-08-20T06:55:47.877Z,1755672947877,0.015027999999999988
2025-08-20T06:55:48.176Z,1755672948176,0.015049999999999987
2025-08-20T06:55:48.478Z,1755672948478,0.015027999999999988
2025-08-20T06:55:48.778Z,1755672948778,0.015049999999999987
2025-08-20T06:55:49.980Z,1755672949980,0.015027999999999988
2025-08-20T06:55:50.581Z,1755672950581,0.015049999999999987
2025-08-20T06:55:50.880Z,1755672950880,0.015027999999999988
2025-08-20T06:55:52.386Z,1755672952386,0.015049999999999987
2025-08-20T06:55:52.689Z,1755672952689,0.015027999999999988
2025-08-20T06:55:54.790Z,1755672954790,0.015049999999999987
2025-08-20T06:55:55.692Z,1755672955692,0.015027999999999988
2025-08-20T06:56:00.501Z,1755672960501,0.015049999999999987
2025-08-20T06:56:00.801Z,1755672960801,0.015027999999999988
2025-08-20T06:56:01.903Z,1755672961903,0.015049999999999987
2025-08-20T06:56:02.503Z,1755672962503,0.015027999999999988
2025-08-20T06:56:02.803Z,1755672962803,0.015049999999999987
2025-08-20T06:56:03.103Z,1755672963103,0.015027999999999988
2025-08-20T06:56:11.225Z,1755672971225,0.015049999999999987
2025-08-20T06:56:11.526Z,1755672971526,0.015027999999999988
2025-08-20T06:56:12.126Z,1755672972126,0.015049999999999987
2025-08-20T06:56:12.426Z,1755672972426,0.015027999999999988
2025-08-20T06:56:12.724Z,1755672972724,0.015049999999999987
2025-08-20T06:56:13.026Z,1755672973026,0.015027999999999988
2025-08-20T06:56:13.626Z,1755672973626,0.015005999999999988
2025-08-20T06:56:13.926Z,1755672973926,0.014983999999999989
2025-08-20T06:56:15.729Z,1755672975729,0.015005999999999988
2025-08-20T06:56:16.029Z,1755672976029,0.014983999999999989
2025-08-20T06:56:16.931Z,1755672976931,0.015005999999999988
2025-08-20T06:56:17.532Z,1755672977532,0.014983999999999989
2025-08-20T06:56:20.242Z,1755672980242,0.015005999999999988
2025-08-20T06:56:20.542Z,1755672980542,0.014983999999999989
2025-08-20T06:56:21.443Z,1755672981443,0.015005999999999988
2025-08-20T06:56:21.747Z,1755672981747,0.015027999999999988
2025-08-20T06:56:22.950Z,1755672982950,0.015049999999999987
2025-08-20T06:56:23.255Z,1755672983255,0.015027999999999988
2025-08-20T06:56:24.721Z,1755672984721,0.015049999999999987
2025-08-20T06:56:25.023Z,1755672985023,0.015027999999999988
2025-08-20T06:56:26.828Z,1755672986828,0.015049999999999987
2025-08-20T06:56:27.132Z,1755672987132,0.015027999999999988
2025-08-20T06:56:29.534Z,1755672989534,0.015071999999999988
2025-08-20T06:56:29.834Z,1755672989834,0.015071999999999988
2025-08-20T06:56:31.348Z,1755672991348,0.015071999999999988
2025-08-20T06:56:31.651Z,1755672991651,0.015071999999999988
2025-08-20T06:56:32.248Z,1755672992248,0.015071999999999988
2025-08-20T06:56:32.548Z,1755672992548,0.015071999999999988
2025-08-20T06:56:32.847Z,1755672992847,0.015071999999999988
2025-08-20T06:56:33.153Z,1755672993153,0.015071999999999988
2025-08-20T06:56:34.951Z,1755672994951,0.015071999999999988
2025-08-20T06:56:35.551Z,1755672995551,0.015071999999999988
2025-08-20T06:56:35.853Z,1755672995853,0.015071999999999988
2025-08-20T06:56:36.157Z,1755672996157,0.015071999999999988
2025-08-20T06:56:37.354Z,1755672997354,0.015071999999999988
2025-08-20T06:56:37.657Z,1755672997657,0.015071999999999988
2025-08-20T06:56:40.358Z,1755673000358,0.015071999999999988
2025-08-20T06:56:40.663Z,1755673000663,0.015071999999999988
2025-08-20T06:56:43.070Z,1755673003070,0.015071999999999988
2025-08-20T06:56:43.674Z,1755673003674,0.015071999999999988
2025-08-20T06:56:43.974Z,1755673003974,0.015071999999999988
2025-08-20T06:56:44.573Z,1755673004573,0.015071999999999988
2025-08-20T06:56:44.876Z,1755673004876,0.015093999999999988
2025-08-20T06:56:45.181Z,1755673005181,0.015071999999999988
2025-08-20T06:56:45.778Z,1755673005778,0.015071999999999988
2025-08-20T06:56:46.082Z,1755673006082,0.015071999999999988
2025-08-20T06:56:47.534Z,1755673007534,0.015071999999999988
2025-08-20T06:56:47.838Z,1755673007838,0.015071999999999988
2025-08-20T06:56:52.669Z,1755673012669,0.015115999999999987
2025-08-20T06:56:53.569Z,1755673013569,0.015115999999999987
2025-08-20T06:56:55.075Z,1755673015075,0.015115999999999987
2025-08-20T06:56:55.673Z,1755673015673,0.015115999999999987
2025-08-20T06:56:55.973Z,1755673015973,0.015115999999999987
2025-08-20T06:56:56.575Z,1755673016575,0.015115999999999987
2025-08-20T06:56:58.078Z,1755673018078,0.015115999999999987
2025-08-20T06:56:58.377Z,1755673018377,0.015115999999999987
2025-08-20T06:56:58.677Z,1755673018677,0.015115999999999987
2025-08-20T06:56:59.278Z,1755673019278,0.015115999999999987
2025-08-20T06:57:00.489Z,1755673020489,0.015115999999999987
2025-08-20T06:57:01.349Z,1755673021349,0.015115999999999987
2025-08-20T06:57:01.661Z,1755673021661,0.015115999999999987
2025-08-20T06:57:01.960Z,1755673021960,0.015115999999999987
2025-08-20T06:57:02.259Z,1755673022259,0.015115999999999987
2025-08-20T06:57:02.557Z,1755673022557,0.015115999999999987
2025-08-20T06:57:05.279Z,1755673025279,0.015115999999999987
2025-08-20T06:57:05.579Z,1755673025579,0.015115999999999987
2025-08-20T06:57:07.979Z,1755673027979,0.015115999999999987
2025-08-20T06:57:08.284Z,1755673028284,0.015115999999999987
2025-08-20T06:57:10.985Z,1755673030985,0.015115999999999987
2025-08-20T06:57:11.291Z,1755673031291,0.015115999999999987
2025-08-20T06:57:14.890Z,1755673034890,0.015115999999999987
2025-08-20T06:57:15.191Z,1755673035191,0.015115999999999987
2025-08-20T06:57:15.793Z,1755673035793,0.015115999999999987
2025-08-20T06:57:16.090Z,1755673036090,0.015115999999999987
2025-08-20T06:57:17.594Z,1755673037594,0.015115999999999987
2025-08-20T06:57:17.895Z,1755673037895,0.015115999999999987
2025-08-20T06:57:18.196Z,1755673038196,0.015115999999999987
2025-08-20T06:57:18.496Z,1755673038496,0.015115999999999987
2025-08-20T06:57:22.698Z,1755673042698,0.015115999999999987
2025-08-20T06:57:23.000Z,1755673043000,0.015115999999999987
2025-08-20T06:57:23.304Z,1755673043304,0.015115999999999987
2025-08-20T06:57:23.602Z,1755673043602,0.015115999999999987
2025-08-20T06:57:26.608Z,1755673046608,0.015115999999999987
2025-08-20T06:57:26.909Z,1755673046909,0.015115999999999987
2025-08-20T06:57:30.716Z,1755673050716,0.015115999999999987
2025-08-20T06:57:31.017Z,1755673051017,0.015115999999999987
2025-08-20T06:57:34.022Z,1755673054022,0.015115999999999987
2025-08-20T06:57:34.327Z,1755673054327,0.015115999999999987
2025-08-20T06:57:36.726Z,1755673056726,0.015115999999999987
2025-08-20T06:57:37.028Z,1755673057028,0.015115999999999987
2025-08-20T06:57:37.929Z,1755673057929,0.015115999999999987
2025-08-20T06:57:38.230Z,1755673058230,0.015115999999999987
2025-08-20T06:57:38.531Z,1755673058531,0.015115999999999987
2025-08-20T06:57:38.834Z,1755673058834,0.015115999999999987
2025-08-20T06:57:40.635Z,1755673060635,0.015115999999999987
2025-08-20T06:57:41.237Z,1755673061237,0.015115999999999987
2025-08-20T06:57:41.537Z,1755673061537,0.015115999999999987
2025-08-20T06:57:41.841Z,1755673061841,0.015115999999999987
2025-08-20T06:57:42.437Z,1755673062437,0.015115999999999987
2025-08-20T06:57:42.740Z,1755673062740,0.015115999999999987
2025-08-20T06:57:43.039Z,1755673063039,0.015115999999999987
2025-08-20T06:57:44.239Z,1755673064239,0.015115999999999987
2025-08-20T06:57:44.539Z,1755673064539,0.015115999999999987
2025-08-20T06:57:44.846Z,1755673064846,0.015115999999999987
2025-08-20T06:57:46.041Z,1755673066041,0.015115999999999987
2025-08-20T06:57:46.641Z,1755673066641,0.015115999999999987
2025-08-20T06:57:48.145Z,1755673068145,0.015115999999999987
2025-08-20T06:57:48.448Z,1755673068448,0.015115999999999987
2025-08-20T06:57:49.351Z,1755673069351,0.015115999999999987
2025-08-20T06:57:49.652Z,1755673069652,0.015115999999999987
2025-08-20T06:57:50.558Z,1755673070558,0.015115999999999987
2025-08-20T06:57:50.862Z,1755673070862,0.015115999999999987
2025-08-20T06:57:52.363Z,1755673072363,0.015115999999999987
2025-08-20T06:57:52.659Z,1755673072659,0.015115999999999987
2025-08-20T06:57:55.067Z,1755673075067,0.015115999999999987
2025-08-20T06:57:55.371Z,1755673075371,0.015115999999999987
2025-08-20T06:57:56.269Z,1755673076269,0.015115999999999987
2025-08-20T06:57:56.530Z,1755673076530,0.015115999999999987
2025-08-20T06:57:58.931Z,1755673078931,0.015115999999999987
2025-08-20T06:57:59.843Z,1755673079843,0.015115999999999987
2025-08-20T06:58:02.546Z,1755673082546,0.015115999999999987
2025-08-20T06:58:02.845Z,1755673082845,0.015115999999999987
2025-08-20T06:58:09.463Z,1755673089463,0.015115999999999987
2025-08-20T06:58:09.764Z,1755673089764,0.015115999999999987
2025-08-20T06:58:10.064Z,1755673090064,0.015115999999999987
2025-08-20T06:58:10.366Z,1755673090366,0.015115999999999987
2025-08-20T06:58:10.670Z,1755673090670,0.015115999999999987
2025-08-20T06:58:10.968Z,1755673090968,0.015115999999999987
2025-08-20T06:58:11.872Z,1755673091872,0.015071999999999988
2025-08-20T06:58:12.172Z,1755673092172,0.015071999999999988
2025-08-20T06:58:12.773Z,1755673092773,0.015071999999999988
2025-08-20T06:58:13.078Z,1755673093078,0.015071999999999988
2025-08-20T06:58:13.379Z,1755673093379,0.015071999999999988
2025-08-20T06:58:13.681Z,1755673093681,0.015071999999999988
2025-08-20T06:58:14.843Z,1755673094843,0.015071999999999988
2025-08-20T06:58:15.744Z,1755673095744,0.015071999999999988
2025-08-20T06:58:16.349Z,1755673096349,0.015027999999999988
2025-08-20T06:58:16.645Z,1755673096645,0.015027999999999988
2025-08-20T06:58:16.950Z,1755673096950,0.015027999999999988
2025-08-20T06:58:17.245Z,1755673097245,0.015027999999999988
2025-08-20T06:58:17.849Z,1755673097849,0.015027999999999988
2025-08-20T06:58:18.456Z,1755673098456,0.015027999999999988
2025-08-20T06:58:21.758Z,1755673101758,0.015027999999999988
2025-08-20T06:58:22.059Z,1755673102059,0.015027999999999988
2025-08-20T06:58:22.658Z,1755673102658,0.015027999999999988
2025-08-20T06:58:22.965Z,1755673102965,0.015027999999999988
2025-08-20T06:58:24.164Z,1755673104164,0.015027999999999988
2025-08-20T06:58:24.469Z,1755673104469,0.015027999999999988
2025-08-20T06:58:25.064Z,1755673105064,0.015027999999999988
2025-08-20T06:58:25.365Z,1755673105365,0.015027999999999988
2025-08-20T06:58:30.176Z,1755673110176,0.015027999999999988
2025-08-20T06:58:30.479Z,1755673110479,0.015027999999999988
2025-08-20T06:58:32.285Z,1755673112285,0.015027999999999988
2025-08-20T06:58:32.587Z,1755673112587,0.015027999999999988
2025-08-20T06:58:33.787Z,1755673113787,0.015027999999999988
2025-08-20T06:58:34.089Z,1755673114089,0.015027999999999988
2025-08-20T06:58:35.890Z,1755673115890,0.015027999999999988
2025-08-20T06:58:36.190Z,1755673116190,0.015027999999999988
2025-08-20T06:58:37.092Z,1755673117092,0.015027999999999988
2025-08-20T06:58:37.393Z,1755673117393,0.015027999999999988
2025-08-20T06:58:38.894Z,1755673118894,0.015027999999999988
2025-08-20T06:58:39.696Z,1755673119696,0.015027999999999988
2025-08-20T06:58:40.598Z,1755673120598,0.015027999999999988
2025-08-20T06:58:40.897Z,1755673120897,0.015027999999999988
2025-08-20T06:58:44.203Z,1755673124203,0.015027999999999988
2025-08-20T06:58:44.507Z,1755673124507,0.015027999999999988
2025-08-20T06:58:47.911Z,1755673127911,0.015027999999999988
2025-08-20T06:58:48.209Z,1755673128209,0.015027999999999988
2025-08-20T06:58:48.709Z,1755673128709,0.015027999999999988
2025-08-20T06:58:49.012Z,1755673129012,0.015027999999999988
2025-08-20T06:58:49.916Z,1755673129916,0.014983999999999989
2025-08-20T06:58:50.214Z,1755673130214,0.014983999999999989
2025-08-20T06:58:51.718Z,1755673131718,0.014983999999999989
2025-08-20T06:58:52.022Z,1755673132022,0.014983999999999989
2025-08-20T06:58:55.926Z,1755673135926,0.014983999999999989
2025-08-20T06:58:56.229Z,1755673136229,0.014983999999999989
2025-08-20T06:58:58.330Z,1755673138330,0.014983999999999989
2025-08-20T06:58:58.631Z,1755673138631,0.014983999999999989
2025-08-20T06:59:01.039Z,1755673141039,0.014983999999999989
2025-08-20T06:59:01.337Z,1755673141337,0.014983999999999989
2025-08-20T06:59:06.106Z,1755673146106,0.014983999999999989
2025-08-20T06:59:06.403Z,1755673146403,0.01496199999999999
2025-08-20T06:59:06.704Z,1755673146704,0.014939999999999988
2025-08-20T06:59:08.508Z,1755673148508,0.01496199999999999
2025-08-20T06:59:08.808Z,1755673148808,0.014939999999999988
2025-08-20T06:59:10.311Z,1755673150311,0.01496199999999999
2025-08-20T06:59:10.911Z,1755673150911,0.014939999999999988
2025-08-20T06:59:15.416Z,1755673155416,0.01496199999999999
2025-08-20T06:59:15.720Z,1755673155720,0.014939999999999988
2025-08-20T06:59:16.621Z,1755673156621,0.01496199999999999
2025-08-20T06:59:16.921Z,1755673156921,0.014939999999999988
2025-08-20T06:59:17.526Z,1755673157526,0.01496199999999999
2025-08-20T06:59:17.825Z,1755673157825,0.014939999999999988
2025-08-20T06:59:18.426Z,1755673158426,0.01496199999999999
2025-08-20T06:59:18.728Z,1755673158728,0.014939999999999988
2025-08-20T06:59:19.329Z,1755673159329,0.01496199999999999
2025-08-20T06:59:19.630Z,1755673159630,0.014939999999999988
2025-08-20T06:59:19.930Z,1755673159930,0.01496199999999999
2025-08-20T06:59:20.232Z,1755673160232,0.014939999999999988
2025-08-20T06:59:21.432Z,1755673161432,0.01496199999999999
2025-08-20T06:59:21.733Z,1755673161733,0.014939999999999988
2025-08-20T06:59:22.032Z,1755673162032,0.01496199999999999
2025-08-20T06:59:22.333Z,1755673162333,0.014939999999999988
2025-08-20T06:59:22.933Z,1755673162933,0.014917999999999989
2025-08-20T06:59:23.234Z,1755673163234,0.014917999999999989
2025-08-20T06:59:23.535Z,1755673163535,0.014917999999999989
2025-08-20T06:59:24.433Z,1755673164433,0.01496199999999999
2025-08-20T06:59:24.735Z,1755673164735,0.01496199999999999
2025-08-20T06:59:25.034Z,1755673165034,0.01496199999999999
2025-08-20T06:59:25.337Z,1755673165337,0.01496199999999999
2025-08-20T06:59:27.440Z,1755673167440,0.01496199999999999
2025-08-20T06:59:27.739Z,1755673167739,0.01496199999999999
2025-08-20T06:59:30.139Z,1755673170139,0.01496199999999999
2025-08-20T06:59:30.741Z,1755673170741,0.01496199999999999
2025-08-20T06:59:35.263Z,1755673175263,0.01496199999999999
2025-08-20T06:59:35.567Z,1755673175567,0.01496199999999999
2025-08-20T06:59:38.876Z,1755673178876,0.01496199999999999
2025-08-20T06:59:39.131Z,1755673179131,0.01496199999999999
2025-08-20T06:59:40.978Z,1755673180978,0.01496199999999999
2025-08-20T06:59:41.279Z,1755673181279,0.01496199999999999
2025-08-20T06:59:42.484Z,1755673182484,0.01496199999999999
2025-08-20T06:59:42.743Z,1755673182743,0.01496199999999999
2025-08-20T06:59:44.255Z,1755673184255,0.01496199999999999
2025-08-20T06:59:44.555Z,1755673184555,0.01496199999999999
2025-08-20T06:59:45.158Z,1755673185158,0.01496199999999999
2025-08-20T06:59:45.459Z,1755673185459,0.01496199999999999
2025-08-20T06:59:48.168Z,1755673188168,0.01496199999999999
2025-08-20T06:59:48.466Z,1755673188466,0.01496199999999999
2025-08-20T06:59:49.070Z,1755673189070,0.015005999999999988
2025-08-20T06:59:49.370Z,1755673189370,0.015005999999999988
2025-08-20T06:59:53.878Z,1755673193878,0.015005999999999988
2025-08-20T06:59:54.182Z,1755673194182,0.015005999999999988
2025-08-20T06:59:58.690Z,1755673198690,0.015005999999999988
2025-08-20T06:59:58.989Z,1755673198989,0.015005999999999988
2025-08-20T06:59:59.289Z,1755673199289,0.015005999999999988
2025-08-20T06:59:59.589Z,1755673199589,0.015005999999999988
2025-08-20T06:59:59.893Z,1755673199893,0.015049999999999987
2025-08-20T07:00:00.196Z,1755673200196,0.015049999999999987
2025-08-20T07:00:05.003Z,1755673205003,0.015049999999999987
2025-08-20T07:00:05.304Z,1755673205304,0.015049999999999987
2025-08-20T07:00:05.905Z,1755673205905,0.015049999999999987
2025-08-20T07:00:06.211Z,1755673206211,0.015049999999999987
2025-08-20T07:00:10.976Z,1755673210976,0.015005999999999988
2025-08-20T07:00:11.280Z,1755673211280,0.015005999999999988
2025-08-20T07:00:16.693Z,1755673216693,0.015005999999999988
2025-08-20T07:00:16.893Z,1755673216893,0.015005999999999988
2025-08-20T07:00:17.492Z,1755673217492,0.015005999999999988
2025-08-20T07:00:17.895Z,1755673217895,0.015005999999999988
2025-08-20T07:00:26.802Z,1755673226802,0.01496199999999999
2025-08-20T07:00:27.095Z,1755673227095,0.01496199999999999
2025-08-20T07:00:29.807Z,1755673229807,0.01496199999999999
2025-08-20T07:00:30.106Z,1755673230106,0.01496199999999999
2025-08-20T07:00:30.407Z,1755673230407,0.014917999999999989
2025-08-20T07:00:30.710Z,1755673230710,0.014917999999999989
2025-08-20T07:00:33.714Z,1755673233714,0.014917999999999989
2025-08-20T07:00:34.015Z,1755673234015,0.014917999999999989
2025-08-20T07:00:35.517Z,1755673235517,0.014917999999999989
2025-08-20T07:00:35.820Z,1755673235820,0.014917999999999989
2025-08-20T07:00:36.718Z,1755673236718,0.014917999999999989
2025-08-20T07:00:37.323Z,1755673237323,0.014917999999999989
2025-08-20T07:00:39.725Z,1755673239725,0.014917999999999989
2025-08-20T07:00:40.327Z,1755673240327,0.014917999999999989
2025-08-20T07:00:42.737Z,1755673242737,0.014917999999999989
2025-08-20T07:00:43.037Z,1755673243037,0.014917999999999989
2025-08-20T07:00:44.241Z,1755673244241,0.014917999999999989
2025-08-20T07:00:44.843Z,1755673244843,0.014917999999999989
2025-08-20T07:00:46.947Z,1755673246947,0.014917999999999989
2025-08-20T07:00:47.249Z,1755673247249,0.014917999999999989
2025-08-20T07:00:52.913Z,1755673252913,0.014917999999999989
2025-08-20T07:00:53.817Z,1755673253817,0.014917999999999989
2025-08-20T07:00:54.415Z,1755673254415,0.01496199999999999
2025-08-20T07:00:54.712Z,1755673254712,0.01496199999999999
2025-08-20T07:00:55.614Z,1755673255614,0.01496199999999999
2025-08-20T07:00:56.215Z,1755673256215,0.01496199999999999
2025-08-20T07:00:56.515Z,1755673256515,0.01496199999999999
2025-08-20T07:00:56.818Z,1755673256818,0.01496199999999999
2025-08-20T07:00:58.923Z,1755673258923,0.014917999999999989
2025-08-20T07:00:59.221Z,1755673259221,0.014917999999999989
2025-08-20T07:01:00.427Z,1755673260427,0.014917999999999989
2025-08-20T07:01:00.724Z,1755673260724,0.014917999999999989
2025-08-20T07:01:01.037Z,1755673261037,0.014917999999999989
2025-08-20T07:01:01.330Z,1755673261330,0.014939999999999988
2025-08-20T07:01:01.634Z,1755673261634,0.01496199999999999
2025-08-20T07:01:01.936Z,1755673261936,0.014939999999999988
2025-08-20T07:01:04.040Z,1755673264040,0.014917999999999989
2025-08-20T07:01:04.342Z,1755673264342,0.014895999999999989
2025-08-20T07:01:05.244Z,1755673265244,0.014917999999999989
2025-08-20T07:01:05.543Z,1755673265543,0.014895999999999989
2025-08-20T07:01:06.746Z,1755673266746,0.014917999999999989
2025-08-20T07:01:07.046Z,1755673267046,0.014895999999999989
2025-08-20T07:01:07.949Z,1755673267949,0.014917999999999989
2025-08-20T07:01:08.248Z,1755673268248,0.014895999999999989
2025-08-20T07:01:08.548Z,1755673268548,0.014917999999999989
2025-08-20T07:01:08.849Z,1755673268849,0.014895999999999989
2025-08-20T07:01:10.054Z,1755673270054,0.014917999999999989
2025-08-20T07:01:10.353Z,1755673270353,0.014895999999999989
2025-08-20T07:01:10.654Z,1755673270654,0.014917999999999989
2025-08-20T07:01:11.256Z,1755673271256,0.014895999999999989
2025-08-20T07:01:13.661Z,1755673273661,0.014917999999999989
2025-08-20T07:01:13.962Z,1755673273962,0.014895999999999989
2025-08-20T07:01:13.962Z,1755673273962,0.014895999999999989
2025-08-20T07:01:15.470Z,1755673275470,0.014895999999999989
2025-08-20T07:01:15.470Z,1755673275470,0.014917999999999989
2025-08-20T07:01:15.769Z,1755673275769,0.014939999999999988
2025-08-20T07:01:17.831Z,1755673277831,0.014939999999999988
2025-08-20T07:01:18.132Z,1755673278132,0.014939999999999988
2025-08-20T07:01:19.945Z,1755673279945,0.014939999999999988
2025-08-20T07:01:20.244Z,1755673280244,0.014939999999999988
2025-08-20T07:01:20.544Z,1755673280544,0.014939999999999988
2025-08-20T07:01:20.846Z,1755673280846,0.014939999999999988
2025-08-20T07:01:21.746Z,1755673281746,0.014939999999999988
2025-08-20T07:01:22.048Z,1755673282048,0.014939999999999988
2025-08-20T07:01:22.348Z,1755673282348,0.014939999999999988
2025-08-20T07:01:22.650Z,1755673282650,0.014939999999999988
2025-08-20T07:01:23.554Z,1755673283554,0.014939999999999988
2025-08-20T07:01:23.854Z,1755673283854,0.014939999999999988
2025-08-20T07:01:24.155Z,1755673284155,0.014939999999999988
2025-08-20T07:01:24.460Z,1755673284460,0.014939999999999988
2025-08-20T07:01:25.360Z,1755673285360,0.014939999999999988
2025-08-20T07:01:25.660Z,1755673285660,0.014939999999999988
2025-08-20T07:01:26.262Z,1755673286262,0.014939999999999988
2025-08-20T07:01:26.563Z,1755673286563,0.014939999999999988
2025-08-20T07:01:27.768Z,1755673287768,0.014939999999999988
2025-08-20T07:01:28.069Z,1755673288069,0.014939999999999988
2025-08-20T07:01:28.974Z,1755673288974,0.014939999999999988
2025-08-20T07:01:29.272Z,1755673289272,0.014939999999999988
2025-08-20T07:01:29.874Z,1755673289874,0.014939999999999988
2025-08-20T07:01:30.175Z,1755673290175,0.014939999999999988
2025-08-20T07:01:30.480Z,1755673290480,0.014939999999999988
2025-08-20T07:01:30.776Z,1755673290776,0.014939999999999988
2025-08-20T07:01:31.075Z,1755673291075,0.014939999999999988
2025-08-20T07:01:31.376Z,1755673291376,0.014939999999999988
2025-08-20T07:01:32.277Z,1755673292277,0.014939999999999988
2025-08-20T07:01:32.579Z,1755673292579,0.014939999999999988
2025-08-20T07:01:33.484Z,1755673293484,0.014939999999999988
2025-08-20T07:01:34.081Z,1755673294081,0.014983999999999989
2025-08-20T07:01:34.380Z,1755673294380,0.01496199999999999
2025-08-20T07:01:35.584Z,1755673295584,0.014983999999999989
2025-08-20T07:01:35.884Z,1755673295884,0.01496199999999999
2025-08-20T07:01:36.791Z,1755673296791,0.014983999999999989
2025-08-20T07:01:37.089Z,1755673297089,0.01496199999999999
2025-08-20T07:01:37.389Z,1755673297389,0.014983999999999989
2025-08-20T07:01:37.692Z,1755673297692,0.015005999999999988
2025-08-20T07:01:39.193Z,1755673299193,0.015027999999999988
2025-08-20T07:01:39.498Z,1755673299498,0.015005999999999988
2025-08-20T07:01:41.901Z,1755673301901,0.015027999999999988
2025-08-20T07:01:42.199Z,1755673302199,0.015005999999999988
2025-08-20T07:01:42.768Z,1755673302768,0.015027999999999988
2025-08-20T07:01:43.372Z,1755673303372,0.015049999999999987
2025-08-20T07:01:45.482Z,1755673305482,0.015071999999999988
2025-08-20T07:01:45.779Z,1755673305779,0.015049999999999987
2025-08-20T07:01:46.380Z,1755673306380,0.015071999999999988
2025-08-20T07:01:46.983Z,1755673306983,0.015093999999999988
2025-08-20T07:01:47.284Z,1755673307284,0.015115999999999987
2025-08-20T07:01:47.582Z,1755673307582,0.015093999999999988
2025-08-20T07:01:49.388Z,1755673309388,0.015115999999999987
2025-08-20T07:01:49.988Z,1755673309988,0.015093999999999988
2025-08-20T07:01:50.890Z,1755673310890,0.015115999999999987
2025-08-20T07:01:52.094Z,1755673312094,0.015093999999999988
2025-08-20T07:01:54.200Z,1755673314200,0.015137999999999987
2025-08-20T07:01:54.497Z,1755673314497,0.015115999999999987
2025-08-20T07:01:54.800Z,1755673314800,0.015137999999999987
2025-08-20T07:01:56.004Z,1755673316004,0.015115999999999987
2025-08-20T07:01:56.306Z,1755673316306,0.015137999999999987
2025-08-20T07:01:56.606Z,1755673316606,0.015115999999999987
2025-08-20T07:01:56.909Z,1755673316909,0.015137999999999987
2025-08-20T07:01:57.471Z,1755673317471,0.015115999999999987
2025-08-20T07:01:58.080Z,1755673318080,0.015137999999999987
2025-08-20T07:01:58.373Z,1755673318373,0.015115999999999987
2025-08-20T07:01:58.675Z,1755673318675,0.015159999999999986
2025-08-20T07:01:58.977Z,1755673318977,0.015137999999999987
2025-08-20T07:02:00.779Z,1755673320779,0.015159999999999986
2025-08-20T07:02:00.980Z,1755673320980,0.015137999999999987
2025-08-20T07:02:01.379Z,1755673321379,0.015159999999999986
2025-08-20T07:02:01.680Z,1755673321680,0.015137999999999987
2025-08-20T07:02:01.981Z,1755673321981,0.015159999999999986
2025-08-20T07:02:02.584Z,1755673322584,0.015181999999999987
2025-08-20T07:02:03.788Z,1755673323788,0.015203999999999987
2025-08-20T07:02:04.089Z,1755673324089,0.015181999999999987
2025-08-20T07:02:04.698Z,1755673324698,0.015203999999999987
2025-08-20T07:02:05.901Z,1755673325901,0.015181999999999987
2025-08-20T07:02:07.406Z,1755673327406,0.015203999999999987
2025-08-20T07:02:07.705Z,1755673327705,0.015181999999999987
2025-08-20T07:02:11.811Z,1755673331811,0.015203999999999987
2025-08-20T07:02:12.212Z,1755673332212,0.015225999999999986
2025-08-20T07:02:13.012Z,1755673333012,0.015247999999999986
2025-08-20T07:02:13.313Z,1755673333313,0.015225999999999986
2025-08-20T07:02:15.717Z,1755673335717,0.015247999999999986
2025-08-20T07:02:16.018Z,1755673336018,0.015225999999999986
2025-08-20T07:02:16.320Z,1755673336320,0.015247999999999986
2025-08-20T07:02:16.625Z,1755673336625,0.015225999999999986
2025-08-20T07:02:17.821Z,1755673337821,0.015247999999999986
2025-08-20T07:02:18.128Z,1755673338128,0.015225999999999986
2025-08-20T07:02:18.724Z,1755673338724,0.015247999999999986
2025-08-20T07:02:19.026Z,1755673339026,0.015225999999999986
2025-08-20T07:02:22.932Z,1755673342932,0.015247999999999986
2025-08-20T07:02:23.233Z,1755673343233,0.015225999999999986
2025-08-20T07:02:25.636Z,1755673345636,0.015247999999999986
2025-08-20T07:02:25.938Z,1755673345938,0.015225999999999986
2025-08-20T07:02:27.142Z,1755673347142,0.015247999999999986
2025-08-20T07:02:27.440Z,1755673347440,0.015247999999999986
2025-08-20T07:02:29.244Z,1755673349244,0.015247999999999986
2025-08-20T07:02:29.497Z,1755673349497,0.015225999999999986
2025-08-20T07:02:30.406Z,1755673350406,0.015247999999999986
2025-08-20T07:02:30.703Z,1755673350703,0.015225999999999986
2025-08-20T07:02:31.307Z,1755673351307,0.015247999999999986
2025-08-20T07:02:31.621Z,1755673351621,0.015203999999999987
2025-08-20T07:02:31.930Z,1755673351930,0.015225999999999986
2025-08-20T07:02:32.529Z,1755673352529,0.015203999999999987
2025-08-20T07:02:34.332Z,1755673354332,0.015225999999999986
2025-08-20T07:02:34.632Z,1755673354632,0.015203999999999987
2025-08-20T07:02:34.933Z,1755673354933,0.015225999999999986
2025-08-20T07:02:35.235Z,1755673355235,0.015203999999999987
2025-08-20T07:02:35.840Z,1755673355840,0.015225999999999986
2025-08-20T07:02:36.141Z,1755673356141,0.015203999999999987
2025-08-20T07:02:36.442Z,1755673356442,0.015225999999999986
2025-08-20T07:02:36.743Z,1755673356743,0.015203999999999987
2025-08-20T07:02:37.945Z,1755673357945,0.015225999999999986
2025-08-20T07:02:38.246Z,1755673358246,0.015203999999999987
2025-08-20T07:02:39.710Z,1755673359710,0.015225999999999986
2025-08-20T07:02:40.011Z,1755673360011,0.015203999999999987
2025-08-20T07:02:42.409Z,1755673362409,0.015181999999999987
2025-08-20T07:02:42.713Z,1755673362713,0.015159999999999986
2025-08-20T07:02:44.512Z,1755673364512,0.015181999999999987
2025-08-20T07:02:44.815Z,1755673364815,0.015159999999999986
2025-08-20T07:02:45.717Z,1755673365717,0.015181999999999987
2025-08-20T07:02:46.015Z,1755673366015,0.015159999999999986
2025-08-20T07:02:46.916Z,1755673366916,0.015181999999999987
2025-08-20T07:02:47.223Z,1755673367223,0.015159999999999986
2025-08-20T07:02:54.744Z,1755673374744,0.015181999999999987
2025-08-20T07:02:55.040Z,1755673375040,0.015159999999999986
2025-08-20T07:02:56.844Z,1755673376844,0.015137999999999987
2025-08-20T07:02:57.145Z,1755673377145,0.015137999999999987
2025-08-20T07:02:57.751Z,1755673377751,0.015137999999999987
2025-08-20T07:02:58.047Z,1755673378047,0.015137999999999987
2025-08-20T07:02:58.349Z,1755673378349,0.015093999999999988
2025-08-20T07:02:59.256Z,1755673379256,0.015115999999999987
2025-08-20T07:02:59.553Z,1755673379553,0.015093999999999988
2025-08-20T07:03:00.154Z,1755673380154,0.015115999999999987
2025-08-20T07:03:00.453Z,1755673380453,0.015093999999999988
2025-08-20T07:03:02.258Z,1755673382258,0.015115999999999987
2025-08-20T07:03:02.557Z,1755673382557,0.015093999999999988
2025-08-20T07:03:03.459Z,1755673383459,0.015115999999999987
2025-08-20T07:03:04.059Z,1755673384059,0.015093999999999988
2025-08-20T07:03:04.359Z,1755673384359,0.015115999999999987
2025-08-20T07:03:04.959Z,1755673384959,0.015093999999999988
2025-08-20T07:03:05.863Z,1755673385863,0.015115999999999987
2025-08-20T07:03:06.162Z,1755673386162,0.015093999999999988
2025-08-20T07:03:06.767Z,1755673386767,0.015115999999999987
2025-08-20T07:03:07.065Z,1755673387065,0.015093999999999988
2025-08-20T07:03:11.279Z,1755673391279,0.015115999999999987
2025-08-20T07:03:11.579Z,1755673391579,0.015093999999999988
2025-08-20T07:03:14.842Z,1755673394842,0.015115999999999987
2025-08-20T07:03:15.447Z,1755673395447,0.015093999999999988
2025-08-20T07:03:16.647Z,1755673396647,0.015115999999999987
2025-08-20T07:03:16.948Z,1755673396948,0.015093999999999988
2025-08-20T07:03:19.355Z,1755673399355,0.015115999999999987
2025-08-20T07:03:19.654Z,1755673399654,0.015093999999999988
2025-08-20T07:03:20.256Z,1755673400256,0.015115999999999987
2025-08-20T07:03:20.856Z,1755673400856,0.015071999999999988
2025-08-20T07:03:21.157Z,1755673401157,0.015093999999999988
2025-08-20T07:03:21.760Z,1755673401760,0.015071999999999988
2025-08-20T07:03:22.361Z,1755673402361,0.015093999999999988
2025-08-20T07:03:22.663Z,1755673402663,0.015071999999999988
2025-08-20T07:03:24.164Z,1755673404164,0.015093999999999988
2025-08-20T07:03:24.464Z,1755673404464,0.015071999999999988
2025-08-20T07:03:25.966Z,1755673405966,0.015093999999999988
2025-08-20T07:03:26.267Z,1755673406267,0.015071999999999988
2025-08-20T07:03:28.074Z,1755673408074,0.015093999999999988
2025-08-20T07:03:28.373Z,1755673408373,0.015049999999999987
2025-08-20T07:03:31.380Z,1755673411380,0.015071999999999988
2025-08-20T07:03:31.681Z,1755673411681,0.015049999999999987
2025-08-20T07:03:32.285Z,1755673412285,0.015027999999999988
2025-08-20T07:03:32.584Z,1755673412584,0.015027999999999988
2025-08-20T07:03:32.882Z,1755673412882,0.015027999999999988
2025-08-20T07:03:34.384Z,1755673414384,0.015027999999999988
2025-08-20T07:03:34.684Z,1755673414684,0.015027999999999988
2025-08-20T07:03:34.983Z,1755673414983,0.015027999999999988
2025-08-20T07:03:35.285Z,1755673415285,0.015027999999999988
2025-08-20T07:03:35.584Z,1755673415584,0.014983999999999989
2025-08-20T07:03:35.886Z,1755673415886,0.014983999999999989
2025-08-20T07:03:37.087Z,1755673417087,0.014983999999999989
2025-08-20T07:03:37.388Z,1755673417388,0.014983999999999989
2025-08-20T07:03:37.688Z,1755673417688,0.014983999999999989
2025-08-20T07:03:38.289Z,1755673418289,0.014983999999999989
2025-08-20T07:03:40.397Z,1755673420397,0.014983999999999989
2025-08-20T07:03:40.697Z,1755673420697,0.014983999999999989
2025-08-20T07:03:43.103Z,1755673423103,0.014983999999999989
2025-08-20T07:03:43.403Z,1755673423403,0.014983999999999989
2025-08-20T07:03:44.565Z,1755673424565,0.014983999999999989
2025-08-20T07:03:44.878Z,1755673424878,0.014983999999999989
2025-08-20T07:03:46.086Z,1755673426086,0.014983999999999989
2025-08-20T07:03:46.380Z,1755673426380,0.014983999999999989
2025-08-20T07:03:50.281Z,1755673430281,0.014983999999999989
2025-08-20T07:03:50.584Z,1755673430584,0.014983999999999989
2025-08-20T07:03:51.183Z,1755673431183,0.014983999999999989
2025-08-20T07:03:51.782Z,1755673431782,0.014983999999999989
2025-08-20T07:03:52.083Z,1755673432083,0.014939999999999988
2025-08-20T07:03:52.386Z,1755673432386,0.014939999999999988
2025-08-20T07:03:55.390Z,1755673435390,0.014939999999999988
2025-08-20T07:03:55.686Z,1755673435686,0.014939999999999988
2025-08-20T07:04:00.999Z,1755673440999,0.014939999999999988
2025-08-20T07:04:01.404Z,1755673441404,0.014939999999999988
2025-08-20T07:04:02.000Z,1755673442000,0.014939999999999988
2025-08-20T07:04:02.200Z,1755673442200,0.014939999999999988
2025-08-20T07:04:02.908Z,1755673442908,0.014939999999999988
2025-08-20T07:04:03.203Z,1755673443203,0.01496199999999999
2025-08-20T07:04:04.008Z,1755673444008,0.01496199999999999
2025-08-20T07:04:04.307Z,1755673444307,0.01496199999999999
2025-08-20T07:04:05.510Z,1755673445510,0.01496199999999999
2025-08-20T07:04:05.809Z,1755673445809,0.01496199999999999
2025-08-20T07:04:07.311Z,1755673447311,0.01496199999999999
2025-08-20T07:04:07.917Z,1755673447917,0.01496199999999999
2025-08-20T07:04:10.620Z,1755673450620,0.01496199999999999
2025-08-20T07:04:10.925Z,1755673450925,0.01496199999999999
2025-08-20T07:04:11.221Z,1755673451221,0.01496199999999999
2025-08-20T07:04:12.430Z,1755673452430,0.01496199999999999
2025-08-20T07:04:13.628Z,1755673453628,0.01496199999999999
2025-08-20T07:04:13.931Z,1755673453931,0.01496199999999999
2025-08-20T07:04:14.228Z,1755673454228,0.01496199999999999
2025-08-20T07:04:14.529Z,1755673454529,0.01496199999999999
2025-08-20T07:04:17.833Z,1755673457833,0.015005999999999988
2025-08-20T07:04:18.139Z,1755673458139,0.015005999999999988
2025-08-20T07:04:19.338Z,1755673459338,0.015005999999999988
2025-08-20T07:04:20.241Z,1755673460241,0.015005999999999988
2025-08-20T07:04:20.844Z,1755673460844,0.015005999999999988
2025-08-20T07:04:21.143Z,1755673461143,0.015005999999999988
2025-08-20T07:04:21.744Z,1755673461744,0.015005999999999988
2025-08-20T07:04:22.046Z,1755673462046,0.015005999999999988
2025-08-20T07:04:25.049Z,1755673465049,0.015005999999999988
2025-08-20T07:04:25.349Z,1755673465349,0.015005999999999988
2025-08-20T07:04:29.859Z,1755673469859,0.015049999999999987
2025-08-20T07:04:30.166Z,1755673470166,0.015027999999999988
2025-08-20T07:04:30.765Z,1755673470765,0.015049999999999987
2025-08-20T07:04:31.067Z,1755673471067,0.015027999999999988
2025-08-20T07:04:33.475Z,1755673473475,0.015049999999999987
2025-08-20T07:04:33.770Z,1755673473770,0.015027999999999988
2025-08-20T07:04:34.637Z,1755673474637,0.015049999999999987
2025-08-20T07:04:34.934Z,1755673474934,0.015027999999999988
2025-08-20T07:04:35.236Z,1755673475236,0.015049999999999987
2025-08-20T07:04:35.536Z,1755673475536,0.015027999999999988
2025-08-20T07:04:35.839Z,1755673475839,0.015049999999999987
2025-08-20T07:04:36.138Z,1755673476138,0.015027999999999988
2025-08-20T07:04:36.446Z,1755673476446,0.015049999999999987
2025-08-20T07:04:36.746Z,1755673476746,0.015027999999999988
2025-08-20T07:04:37.049Z,1755673477049,0.015049999999999987
2025-08-20T07:04:37.347Z,1755673477347,0.015027999999999988
2025-08-20T07:04:37.950Z,1755673477950,0.015049999999999987
2025-08-20T07:04:38.250Z,1755673478250,0.015005999999999988
2025-08-20T07:04:38.552Z,1755673478552,0.015027999999999988
2025-08-20T07:04:38.851Z,1755673478851,0.015005999999999988
2025-08-20T07:04:39.752Z,1755673479752,0.015027999999999988
2025-08-20T07:04:40.054Z,1755673480054,0.015005999999999988
2025-08-20T07:04:42.458Z,1755673482458,0.015027999999999988
2025-08-20T07:04:42.759Z,1755673482759,0.015005999999999988
2025-08-20T07:04:43.065Z,1755673483065,0.015027999999999988
2025-08-20T07:04:43.362Z,1755673483362,0.015005999999999988
2025-08-20T07:04:45.466Z,1755673485466,0.015027999999999988
2025-08-20T07:04:45.766Z,1755673485766,0.015005999999999988
2025-08-20T07:04:46.668Z,1755673486668,0.015049999999999987
2025-08-20T07:04:46.970Z,1755673486970,0.015027999999999988
2025-08-20T07:04:49.383Z,1755673489383,0.015049999999999987
2025-08-20T07:04:49.684Z,1755673489684,0.015027999999999988
2025-08-20T07:04:52.054Z,1755673492054,0.015049999999999987
2025-08-20T07:04:52.652Z,1755673492652,0.015027999999999988
2025-08-20T07:04:54.455Z,1755673494455,0.015049999999999987
2025-08-20T07:04:54.758Z,1755673494758,0.015027999999999988
2025-08-20T07:04:55.657Z,1755673495657,0.015049999999999987
2025-08-20T07:04:56.259Z,1755673496259,0.015027999999999988
2025-08-20T07:04:56.859Z,1755673496859,0.015049999999999987
2025-08-20T07:04:57.160Z,1755673497160,0.015027999999999988
2025-08-20T07:04:57.460Z,1755673497460,0.015049999999999987
2025-08-20T07:04:57.760Z,1755673497760,0.015071999999999988
2025-08-20T07:04:58.965Z,1755673498965,0.015093999999999988
2025-08-20T07:04:59.266Z,1755673499266,0.015093999999999988
2025-08-20T07:05:00.471Z,1755673500471,0.015093999999999988
2025-08-20T07:05:00.769Z,1755673500769,0.015093999999999988
2025-08-20T07:05:01.368Z,1755673501368,0.015093999999999988
2025-08-20T07:05:01.972Z,1755673501972,0.015093999999999988
2025-08-20T07:05:03.776Z,1755673503776,0.015137999999999987
2025-08-20T07:05:04.080Z,1755673504080,0.015137999999999987
2025-08-20T07:05:05.583Z,1755673505583,0.015137999999999987
2025-08-20T07:05:05.880Z,1755673505880,0.015137999999999987
2025-08-20T07:05:10.093Z,1755673510093,0.015137999999999987
2025-08-20T07:05:10.387Z,1755673510387,0.015137999999999987
2025-08-20T07:05:10.689Z,1755673510689,0.015137999999999987
2025-08-20T07:05:10.990Z,1755673510990,0.015137999999999987
2025-08-20T07:05:12.796Z,1755673512796,0.015137999999999987
2025-08-20T07:05:13.393Z,1755673513393,0.015137999999999987
2025-08-20T07:05:17.606Z,1755673517606,0.015137999999999987
2025-08-20T07:05:17.905Z,1755673517905,0.015137999999999987
2025-08-20T07:05:20.310Z,1755673520310,0.015137999999999987
2025-08-20T07:05:20.614Z,1755673520614,0.015137999999999987
2025-08-20T07:05:21.478Z,1755673521478,0.015137999999999987
2025-08-20T07:05:21.776Z,1755673521776,0.015137999999999987
2025-08-20T07:05:22.074Z,1755673522074,0.015137999999999987
2025-08-20T07:05:22.373Z,1755673522373,0.015137999999999987
2025-08-20T07:05:22.678Z,1755673522678,0.015181999999999987
2025-08-20T07:05:22.978Z,1755673522978,0.015181999999999987
2025-08-20T07:05:25.693Z,1755673525693,0.015181999999999987
2025-08-20T07:05:25.994Z,1755673525994,0.015181999999999987
2025-08-20T07:05:28.400Z,1755673528400,0.015181999999999987
2025-08-20T07:05:28.599Z,1755673528599,0.015181999999999987
2025-08-20T07:05:28.900Z,1755673528900,0.015181999999999987
2025-08-20T07:05:29.302Z,1755673529302,0.015181999999999987
2025-08-20T07:05:32.209Z,1755673532209,0.015181999999999987
2025-08-20T07:05:32.610Z,1755673532610,0.015181999999999987
2025-08-20T07:05:34.312Z,1755673534312,0.015181999999999987
2025-08-20T07:05:34.612Z,1755673534612,0.015181999999999987
2025-08-20T07:05:35.215Z,1755673535215,0.015181999999999987
2025-08-20T07:05:35.515Z,1755673535515,0.015181999999999987
2025-08-20T07:05:41.823Z,1755673541823,0.015181999999999987
2025-08-20T07:05:42.125Z,1755673542125,0.015181999999999987
2025-08-20T07:05:42.728Z,1755673542728,0.015181999999999987
2025-08-20T07:05:43.329Z,1755673543329,0.015181999999999987
2025-08-20T07:05:45.134Z,1755673545134,0.015181999999999987
2025-08-20T07:05:45.434Z,1755673545434,0.015181999999999987
2025-08-20T07:05:46.036Z,1755673546036,0.015181999999999987
2025-08-20T07:05:46.338Z,1755673546338,0.015181999999999987
2025-08-20T07:05:48.145Z,1755673548145,0.015181999999999987
2025-08-20T07:05:48.446Z,1755673548446,0.015181999999999987
2025-08-20T07:05:49.049Z,1755673549049,0.015181999999999987
2025-08-20T07:05:49.348Z,1755673549348,0.015181999999999987
2025-08-20T07:05:50.221Z,1755673550221,0.015181999999999987
2025-08-20T07:05:50.519Z,1755673550519,0.015181999999999987
2025-08-20T07:05:51.119Z,1755673551119,0.015181999999999987
2025-08-20T07:05:52.020Z,1755673552020,0.015181999999999987
2025-08-20T07:05:52.623Z,1755673552623,0.015181999999999987
2025-08-20T07:05:52.927Z,1755673552927,0.015181999999999987
2025-08-20T07:05:53.227Z,1755673553227,0.015181999999999987
2025-08-20T07:05:53.526Z,1755673553526,0.015181999999999987
2025-08-20T07:05:54.125Z,1755673554125,0.015181999999999987
2025-08-20T07:05:55.028Z,1755673555028,0.015181999999999987
2025-08-20T07:05:55.629Z,1755673555629,0.015181999999999987
2025-08-20T07:05:55.928Z,1755673555928,0.015181999999999987
2025-08-20T07:05:56.233Z,1755673556233,0.015181999999999987
2025-08-20T07:05:56.530Z,1755673556530,0.015181999999999987
2025-08-20T07:05:56.829Z,1755673556829,0.015181999999999987
2025-08-20T07:05:57.130Z,1755673557130,0.015181999999999987
2025-08-20T07:05:57.737Z,1755673557737,0.015181999999999987
2025-08-20T07:05:58.330Z,1755673558330,0.015181999999999987
2025-08-20T07:05:59.237Z,1755673559237,0.015181999999999987
2025-08-20T07:05:59.836Z,1755673559836,0.015181999999999987
2025-08-20T07:06:01.341Z,1755673561341,0.015181999999999987
2025-08-20T07:06:01.641Z,1755673561641,0.015181999999999987
2025-08-20T07:06:02.543Z,1755673562543,0.015181999999999987
2025-08-20T07:06:02.842Z,1755673562842,0.015181999999999987
2025-08-20T07:06:03.143Z,1755673563143,0.015181999999999987
2025-08-20T07:06:03.444Z,1755673563444,0.015203999999999987
2025-08-20T07:06:03.747Z,1755673563747,0.015203999999999987
2025-08-20T07:06:04.044Z,1755673564044,0.015203999999999987
2025-08-20T07:06:06.150Z,1755673566150,0.015203999999999987
2025-08-20T07:06:06.451Z,1755673566451,0.015203999999999987
2025-08-20T07:06:09.458Z,1755673569458,0.015159999999999986
2025-08-20T07:06:09.759Z,1755673569759,0.015159999999999986
2025-08-20T07:06:14.867Z,1755673574867,0.015159999999999986
2025-08-20T07:06:15.168Z,1755673575168,0.015159999999999986
2025-08-20T07:06:16.383Z,1755673576383,0.015159999999999986
2025-08-20T07:06:16.682Z,1755673576682,0.015159999999999986
2025-08-20T07:06:18.184Z,1755673578184,0.015137999999999987
2025-08-20T07:06:18.486Z,1755673578486,0.015137999999999987
2025-08-20T07:06:19.989Z,1755673579989,0.015137999999999987
2025-08-20T07:06:20.299Z,1755673580299,0.015137999999999987
2025-08-20T07:06:20.552Z,1755673580552,0.015137999999999987
2025-08-20T07:06:21.150Z,1755673581150,0.015137999999999987
2025-08-20T07:06:24.157Z,1755673584157,0.015137999999999987
2025-08-20T07:06:24.463Z,1755673584463,0.015137999999999987
2025-08-20T07:06:24.764Z,1755673584764,0.015137999999999987
2025-08-20T07:06:25.363Z,1755673585363,0.015137999999999987
2025-08-20T07:06:25.665Z,1755673585665,0.015137999999999987
2025-08-20T07:06:25.964Z,1755673585964,0.015137999999999987
2025-08-20T07:06:26.864Z,1755673586864,0.015137999999999987
2025-08-20T07:06:27.165Z,1755673587165,0.015137999999999987
2025-08-20T07:06:27.768Z,1755673587768,0.015115999999999987
2025-08-20T07:06:28.068Z,1755673588068,0.015115999999999987
2025-08-20T07:06:28.368Z,1755673588368,0.015115999999999987
2025-08-20T07:06:28.671Z,1755673588671,0.015115999999999987
2025-08-20T07:06:29.874Z,1755673589874,0.015115999999999987
2025-08-20T07:06:30.175Z,1755673590175,0.015115999999999987
2025-08-20T07:06:30.474Z,1755673590474,0.015115999999999987
2025-08-20T07:06:30.778Z,1755673590778,0.015115999999999987
2025-08-20T07:06:31.078Z,1755673591078,0.015115999999999987
2025-08-20T07:06:32.580Z,1755673592580,0.015115999999999987
2025-08-20T07:06:32.881Z,1755673592881,0.015137999999999987
2025-08-20T07:06:33.180Z,1755673593180,0.015137999999999987
2025-08-20T07:06:33.784Z,1755673593784,0.015137999999999987
2025-08-20T07:06:34.985Z,1755673594985,0.015137999999999987
2025-08-20T07:06:35.584Z,1755673595584,0.015137999999999987
2025-08-20T07:06:35.886Z,1755673595886,0.015137999999999987
2025-08-20T07:06:36.486Z,1755673596486,0.015137999999999987
2025-08-20T07:06:36.785Z,1755673596785,0.015137999999999987
2025-08-20T07:06:37.088Z,1755673597088,0.015137999999999987
2025-08-20T07:06:37.389Z,1755673597389,0.015137999999999987
2025-08-20T07:06:38.290Z,1755673598290,0.015137999999999987
2025-08-20T07:06:38.591Z,1755673598591,0.015137999999999987
2025-08-20T07:06:38.893Z,1755673598893,0.015137999999999987
2025-08-20T07:06:39.193Z,1755673599193,0.015137999999999987
2025-08-20T07:06:39.794Z,1755673599794,0.015137999999999987
2025-08-20T07:06:40.697Z,1755673600697,0.015137999999999987
2025-08-20T07:06:41.601Z,1755673601601,0.015137999999999987
2025-08-20T07:06:41.904Z,1755673601904,0.015137999999999987
2025-08-20T07:06:42.806Z,1755673602806,0.015137999999999987
2025-08-20T07:06:43.112Z,1755673603112,0.015137999999999987
2025-08-20T07:06:43.382Z,1755673603382,0.015137999999999987
2025-08-20T07:06:43.970Z,1755673603970,0.015137999999999987
2025-08-20T07:06:45.074Z,1755673605074,0.015137999999999987
2025-08-20T07:06:45.475Z,1755673605475,0.015137999999999987
2025-08-20T07:06:46.382Z,1755673606382,0.015137999999999987
2025-08-20T07:06:46.678Z,1755673606678,0.015137999999999987
2025-08-20T07:06:47.291Z,1755673607291,0.015137999999999987
2025-08-20T07:06:47.585Z,1755673607585,0.015137999999999987
2025-08-20T07:06:47.891Z,1755673607891,0.015137999999999987
2025-08-20T07:06:48.490Z,1755673608490,0.015137999999999987
2025-08-20T07:06:48.688Z,1755673608688,0.015137999999999987
2025-08-20T07:06:49.087Z,1755673609087,0.015137999999999987
2025-08-20T07:06:49.292Z,1755673609292,0.015137999999999987
2025-08-20T07:06:49.689Z,1755673609689,0.015137999999999987
2025-08-20T07:06:50.511Z,1755673610511,0.015137999999999987
2025-08-20T07:06:50.809Z,1755673610809,0.015137999999999987
2025-08-20T07:06:54.421Z,1755673614421,0.015137999999999987
2025-08-20T07:06:55.017Z,1755673615017,0.015137999999999987
2025-08-20T07:06:55.617Z,1755673615617,0.015137999999999987
2025-08-20T07:06:55.922Z,1755673615922,0.015137999999999987
2025-08-20T07:06:57.119Z,1755673617119,0.015159999999999986
2025-08-20T07:06:57.516Z,1755673617516,0.015181999999999987
2025-08-20T07:06:58.117Z,1755673618117,0.015159999999999986
2025-08-20T07:06:58.617Z,1755673618617,0.015181999999999987
2025-08-20T07:06:58.923Z,1755673618923,0.015159999999999986
2025-08-20T07:06:59.218Z,1755673619218,0.015181999999999987
2025-08-20T07:07:00.721Z,1755673620721,0.015159999999999986
2025-08-20T07:07:01.322Z,1755673621322,0.015181999999999987
2025-08-20T07:07:01.625Z,1755673621625,0.015159999999999986
2025-08-20T07:07:01.926Z,1755673621926,0.015181999999999987
2025-08-20T07:07:02.222Z,1755673622222,0.015159999999999986
2025-08-20T07:07:02.525Z,1755673622525,0.015181999999999987
2025-08-20T07:07:03.125Z,1755673623125,0.015159999999999986
2025-08-20T07:07:04.325Z,1755673624325,0.015181999999999987
2025-08-20T07:07:04.625Z,1755673624625,0.015159999999999986
2025-08-20T07:07:06.132Z,1755673626132,0.015181999999999987
2025-08-20T07:07:06.434Z,1755673626434,0.015159999999999986
2025-08-20T07:07:07.632Z,1755673627632,0.015181999999999987
2025-08-20T07:07:07.935Z,1755673627935,0.015159999999999986
2025-08-20T07:07:10.037Z,1755673630037,0.015137999999999987
2025-08-20T07:07:10.340Z,1755673630340,0.015115999999999987
2025-08-20T07:07:10.941Z,1755673630941,0.015137999999999987
2025-08-20T07:07:11.240Z,1755673631240,0.015115999999999987
2025-08-20T07:07:12.146Z,1755673632146,0.015137999999999987
2025-08-20T07:07:12.446Z,1755673632446,0.015115999999999987
2025-08-20T07:07:14.248Z,1755673634248,0.015137999999999987
2025-08-20T07:07:14.248Z,1755673634248,0.015137999999999987
2025-08-20T07:07:14.848Z,1755673634848,0.015137999999999987
2025-08-20T07:07:14.848Z,1755673634848,0.015115999999999987
2025-08-20T07:07:16.650Z,1755673636650,0.015137999999999987
2025-08-20T07:07:16.955Z,1755673636955,0.015159999999999986
2025-08-20T07:07:17.554Z,1755673637554,0.015203999999999987
2025-08-20T07:07:17.855Z,1755673637855,0.015181999999999987
2025-08-20T07:07:18.461Z,1755673638461,0.015203999999999987
2025-08-20T07:07:18.757Z,1755673638757,0.015181999999999987
2025-08-20T07:07:19.359Z,1755673639359,0.015203999999999987
2025-08-20T07:07:19.619Z,1755673639619,0.015181999999999987
2025-08-20T07:07:20.260Z,1755673640260,0.015203999999999987
2025-08-20T07:07:20.560Z,1755673640560,0.015181999999999987
2025-08-20T07:07:20.861Z,1755673640861,0.015203999999999987
2025-08-20T07:07:21.161Z,1755673641161,0.015181999999999987
2025-08-20T07:07:23.827Z,1755673643827,0.015159999999999986
2025-08-20T07:07:24.167Z,1755673644167,0.015159999999999986
2025-08-20T07:07:24.471Z,1755673644471,0.015159999999999986
2025-08-20T07:07:24.767Z,1755673644767,0.015159999999999986
2025-08-20T07:07:25.069Z,1755673645069,0.015159999999999986
2025-08-20T07:07:25.939Z,1755673645939,0.015159999999999986
2025-08-20T07:07:26.237Z,1755673646237,0.015159999999999986
2025-08-20T07:07:26.837Z,1755673646837,0.015159999999999986
2025-08-20T07:07:27.440Z,1755673647440,0.015159999999999986
2025-08-20T07:07:28.643Z,1755673648643,0.015159999999999986
2025-08-20T07:07:29.848Z,1755673649848,0.015159999999999986
2025-08-20T07:07:33.734Z,1755673653734,0.015159999999999986
2025-08-20T07:07:34.336Z,1755673654336,0.015159999999999986
2025-08-20T07:07:34.935Z,1755673654935,0.015159999999999986
2025-08-20T07:07:35.238Z,1755673655238,0.015159999999999986
2025-08-20T07:07:38.549Z,1755673658549,0.015159999999999986
2025-08-20T07:07:38.845Z,1755673658845,0.015159999999999986
2025-08-20T07:07:40.948Z,1755673660948,0.015159999999999986
2025-08-20T07:07:41.249Z,1755673661249,0.015159999999999986
2025-08-20T07:07:41.851Z,1755673661851,0.015137999999999987
2025-08-20T07:07:42.152Z,1755673662152,0.015137999999999987
2025-08-20T07:07:42.752Z,1755673662752,0.015137999999999987
2025-08-20T07:07:43.057Z,1755673663057,0.015137999999999987
2025-08-20T07:07:43.957Z,1755673663957,0.015137999999999987
2025-08-20T07:07:44.560Z,1755673664560,0.015137999999999987
2025-08-20T07:07:45.462Z,1755673665462,0.015137999999999987
2025-08-20T07:07:46.360Z,1755673666360,0.015137999999999987
2025-08-20T07:07:46.961Z,1755673666961,0.015137999999999987
2025-08-20T07:07:47.264Z,1755673667264,0.015137999999999987
2025-08-20T07:07:47.563Z,1755673667563,0.015137999999999987
2025-08-20T07:07:47.860Z,1755673667860,0.015137999999999987
2025-08-20T07:07:48.161Z,1755673668161,0.015137999999999987
2025-08-20T07:07:48.762Z,1755673668762,0.015137999999999987
2025-08-20T07:07:49.966Z,1755673669966,0.015137999999999987
2025-08-20T07:07:50.274Z,1755673670274,0.015137999999999987
2025-08-20T07:07:51.478Z,1755673671478,0.015137999999999987
2025-08-20T07:07:51.778Z,1755673671778,0.015137999999999987
2025-08-20T07:07:53.282Z,1755673673282,0.015137999999999987
2025-08-20T07:07:53.884Z,1755673673884,0.015137999999999987
2025-08-20T07:07:54.781Z,1755673674781,0.015137999999999987
2025-08-20T07:07:55.085Z,1755673675085,0.015137999999999987
2025-08-20T07:07:55.382Z,1755673675382,0.015137999999999987
2025-08-20T07:07:55.681Z,1755673675681,0.015137999999999987
2025-08-20T07:07:57.756Z,1755673677756,0.015137999999999987
2025-08-20T07:07:58.059Z,1755673678059,0.015137999999999987
2025-08-20T07:08:03.769Z,1755673683769,0.015137999999999987
2025-08-20T07:08:04.370Z,1755673684370,0.015137999999999987
2025-08-20T07:08:04.972Z,1755673684972,0.015137999999999987
2025-08-20T07:08:05.271Z,1755673685271,0.015137999999999987
2025-08-20T07:08:05.575Z,1755673685575,0.015137999999999987
2025-08-20T07:08:05.874Z,1755673685874,0.015137999999999987
2025-08-20T07:08:06.475Z,1755673686475,0.015137999999999987
2025-08-20T07:08:06.774Z,1755673686774,0.015137999999999987
2025-08-20T07:08:07.676Z,1755673687676,0.015137999999999987
2025-08-20T07:08:08.578Z,1755673688578,0.015137999999999987
2025-08-20T07:08:08.881Z,1755673688881,0.015137999999999987
2025-08-20T07:08:09.182Z,1755673689182,0.015137999999999987
2025-08-20T07:08:10.085Z,1755673690085,0.015137999999999987
2025-08-20T07:08:10.385Z,1755673690385,0.015137999999999987
2025-08-20T07:08:12.185Z,1755673692185,0.015115999999999987
2025-08-20T07:08:12.789Z,1755673692789,0.015093999999999988
2025-08-20T07:08:14.293Z,1755673694293,0.015115999999999987
2025-08-20T07:08:14.592Z,1755673694592,0.015093999999999988
2025-08-20T07:08:15.495Z,1755673695495,0.015115999999999987
2025-08-20T07:08:15.798Z,1755673695798,0.015093999999999988
2025-08-20T07:08:16.107Z,1755673696107,0.015115999999999987
2025-08-20T07:08:16.969Z,1755673696969,0.015093999999999988
2025-08-20T07:08:17.270Z,1755673697270,0.015115999999999987
2025-08-20T07:08:17.569Z,1755673697569,0.015093999999999988
2025-08-20T07:08:17.872Z,1755673697872,0.015115999999999987
2025-08-20T07:08:18.174Z,1755673698174,0.015093999999999988
2025-08-20T07:08:18.769Z,1755673698769,0.015115999999999987
2025-08-20T07:08:19.071Z,1755673699071,0.015093999999999988
2025-08-20T07:08:23.276Z,1755673703276,0.015115999999999987
2025-08-20T07:08:23.584Z,1755673703584,0.015093999999999988
2025-08-20T07:08:24.179Z,1755673704179,0.015115999999999987
2025-08-20T07:08:24.480Z,1755673704480,0.015093999999999988
2025-08-20T07:08:25.078Z,1755673705078,0.015115999999999987
2025-08-20T07:08:25.683Z,1755673705683,0.015137999999999987
2025-08-20T07:08:25.983Z,1755673705983,0.015159999999999986
2025-08-20T07:08:26.581Z,1755673706581,0.015137999999999987
2025-08-20T07:08:27.186Z,1755673707186,0.015159999999999986
2025-08-20T07:08:27.781Z,1755673707781,0.015137999999999987
2025-08-20T07:08:28.688Z,1755673708688,0.015159999999999986
2025-08-20T07:08:28.987Z,1755673708987,0.015137999999999987
2025-08-20T07:08:29.588Z,1755673709588,0.015137999999999987
2025-08-20T07:08:29.889Z,1755673709889,0.015137999999999987
2025-08-20T07:08:30.489Z,1755673710489,0.015159999999999986
2025-08-20T07:08:31.392Z,1755673711392,0.015137999999999987
2025-08-20T07:08:32.202Z,1755673712202,0.015159999999999986
2025-08-20T07:08:32.499Z,1755673712499,0.015115999999999987
2025-08-20T07:08:32.803Z,1755673712803,0.015137999999999987
2025-08-20T07:08:33.503Z,1755673713503,0.015115999999999987
2025-08-20T07:08:34.707Z,1755673714707,0.015137999999999987
2025-08-20T07:08:35.007Z,1755673715007,0.015115999999999987
2025-08-20T07:08:35.910Z,1755673715910,0.015137999999999987
2025-08-20T07:08:36.110Z,1755673716110,0.015115999999999987
2025-08-20T07:08:37.110Z,1755673717110,0.015137999999999987
2025-08-20T07:08:37.311Z,1755673717311,0.015115999999999987
2025-08-20T07:08:38.214Z,1755673718214,0.015137999999999987
2025-08-20T07:08:38.513Z,1755673718513,0.015159999999999986
2025-08-20T07:08:39.114Z,1755673719114,0.015159999999999986
2025-08-20T07:08:39.515Z,1755673719515,0.015159999999999986
2025-08-20T07:08:40.014Z,1755673720014,0.015159999999999986
2025-08-20T07:08:40.414Z,1755673720414,0.015159999999999986
2025-08-20T07:08:40.617Z,1755673720617,0.015159999999999986
2025-08-20T07:08:40.916Z,1755673720916,0.015159999999999986
2025-08-20T07:08:42.723Z,1755673722723,0.015159999999999986
2025-08-20T07:08:43.922Z,1755673723922,0.015159999999999986
2025-08-20T07:08:45.425Z,1755673725425,0.015159999999999986
2025-08-20T07:08:46.333Z,1755673726333,0.015159999999999986
2025-08-20T07:08:46.932Z,1755673726932,0.015159999999999986
2025-08-20T07:08:47.533Z,1755673727533,0.015159999999999986
2025-08-20T07:08:48.997Z,1755673728997,0.015159999999999986
2025-08-20T07:08:49.296Z,1755673729296,0.015159999999999986
2025-08-20T07:08:49.900Z,1755673729900,0.015159999999999986
2025-08-20T07:08:50.202Z,1755673730202,0.015159999999999986
2025-08-20T07:08:50.801Z,1755673730801,0.015159999999999986
2025-08-20T07:08:51.102Z,1755673731102,0.015159999999999986
2025-08-20T07:08:51.403Z,1755673731403,0.015159999999999986
2025-08-20T07:08:51.705Z,1755673731705,0.015159999999999986
2025-08-20T08:12:09.250Z,1755677529250,0.561728
2025-08-20T08:12:14.252Z,1755677534252,0.561728
2025-08-20T08:12:59.314Z,1755677579314,0.561728
2025-08-20T08:13:04.319Z,1755677584319,0.561728
2025-08-20T08:13:04.319Z,1755677584319,0.5617500000000001
2025-08-20T08:14:09.291Z,1755677649291,0.5617940000000001
2025-08-20T08:14:09.291Z,1755677649291,0.5618160000000001
2025-08-20T08:14:14.305Z,1755677654305,0.5618160000000001
2025-08-20T08:14:49.343Z,1755677689343,0.5618600000000001
2025-08-20T08:14:59.364Z,1755677699364,0.5618600000000001
2025-08-20T08:16:09.323Z,1755677769323,0.5618600000000001
2025-08-20T08:16:14.332Z,1755677774332,0.5618600000000001
2025-08-20T08:16:34.257Z,1755677794257,0.5618600000000001
2025-08-20T08:16:39.274Z,1755677799274,0.5618600000000001
2025-08-20T08:16:44.285Z,1755677804285,0.5618160000000001
2025-08-20T08:16:49.256Z,1755677809256,0.5618160000000001
2025-08-20T08:17:59.276Z,1755677879276,0.5618160000000001
2025-08-20T08:18:09.264Z,1755677889264,0.5618160000000001
2025-08-20T08:18:44.321Z,1755677924321,0.561772
2025-08-20T08:18:49.327Z,1755677929327,0.561772
2025-08-20T08:18:49.327Z,1755677929327,0.5617940000000001
2025-08-20T08:19:19.249Z,1755677959249,0.561772
2025-08-20T08:19:19.249Z,1755677959249,0.561772
2025-08-20T08:19:24.255Z,1755677964255,0.561772
2025-08-20T08:19:34.285Z,1755677974285,0.561772
2025-08-20T08:19:44.303Z,1755677984303,0.5617940000000001
2025-08-20T08:19:49.322Z,1755677989322,0.5618160000000001
2025-08-20T08:20:04.313Z,1755678004313,0.5618380000000002
2025-08-20T08:20:09.322Z,1755678009322,0.5618160000000001
2025-08-20T08:20:14.328Z,1755678014328,0.5617940000000001
2025-08-20T08:20:19.334Z,1755678019334,0.5618160000000001
2025-08-20T08:20:59.290Z,1755678059290,0.5617280000000001
2025-08-20T08:21:04.263Z,1755678064263,0.5617060000000001
2025-08-20T08:21:09.269Z,1755678069269,0.5612220000000001
2025-08-20T08:21:14.282Z,1755678074282,0.5606720000000002
2025-08-20T08:21:19.291Z,1755678079291,0.5602760000000001
2025-08-20T08:21:24.305Z,1755678084305,0.5597920000000002
2025-08-20T08:21:29.315Z,1755678089315,0.5592420000000001
2025-08-20T08:21:34.281Z,1755678094281,0.5589340000000002
2025-08-20T08:21:49.323Z,1755678109323,0.5586480000000001
2025-08-20T08:21:54.335Z,1755678114335,0.5416200000000002
2025-08-20T08:22:14.240Z,1755678134240,0.5246140000000001
2025-08-20T08:22:19.245Z,1755678139245,0.5076300000000002
2025-08-20T08:24:04.251Z,1755678244251,0.4907120000000002
2025-08-20T08:24:09.262Z,1755678249262,0.4738380000000002
2025-08-20T08:24:14.272Z,1755678254272,0.4571180000000002
2025-08-20T08:24:19.281Z,1755678259281,0.44026600000000016
2025-08-20T08:24:24.292Z,1755678264292,0.42315000000000014
2025-08-20T08:24:29.303Z,1755678269303,0.4062980000000001
2025-08-20T08:24:34.323Z,1755678274323,0.3891820000000001
2025-08-20T08:24:44.307Z,1755678284307,0.3721980000000001
2025-08-20T08:25:09.338Z,1755678309338,0.35510400000000003
2025-08-20T08:25:14.348Z,1755678314348,0.3380760000000001
2025-08-20T08:25:14.348Z,1755678314348,0.32113600000000003
2025-08-20T08:25:19.364Z,1755678319364,0.30432800000000004
2025-08-20T08:25:19.364Z,1755678319364,0.287322
2025-08-20T08:25:24.346Z,1755678324346,0.27047000000000004
2025-08-20T08:25:34.264Z,1755678334264,0.253574
2025-08-20T08:25:39.271Z,1755678339271,0.23678800000000003
2025-08-20T08:27:09.289Z,1755678429289,0.21951800000000002
2025-08-20T08:27:19.281Z,1755678439281,0.202358
2025-08-20T08:28:34.298Z,1755678514298,0.185088
2025-08-20T08:28:39.259Z,1755678519259,0.16779600000000003
2025-08-20T08:28:54.298Z,1755678534298,0.150592
2025-08-20T08:28:59.310Z,1755678539310,0.13343200000000002
2025-08-20T08:29:39.279Z,1755678579279,0.13341
2025-08-20T08:29:44.242Z,1755678584242,0.13345400000000002
2025-08-20T08:29:49.257Z,1755678589257,0.13345400000000002
2025-08-20T08:30:04.303Z,1755678604303,0.13341
2025-08-20T08:30:09.276Z,1755678609276,0.13341
2025-08-20T08:30:39.309Z,1755678639309,0.13345400000000002
2025-08-20T08:30:44.329Z,1755678644329,0.13345400000000002
2025-08-20T08:30:44.329Z,1755678644329,0.13345400000000002
2025-08-20T08:32:19.331Z,1755678739331,0.133498
2025-08-20T08:32:19.331Z,1755678739331,0.13354200000000002
2025-08-20T08:32:24.342Z,1755678744342,0.13354200000000002
2025-08-20T08:33:04.314Z,1755678784314,0.13358600000000004
2025-08-20T08:33:09.297Z,1755678789297,0.13358600000000004
2025-08-20T08:33:24.314Z,1755678804314,0.13363000000000003
2025-08-20T08:33:29.326Z,1755678809326,0.13363000000000003
2025-08-20T08:33:54.264Z,1755678834264,0.13367400000000004
2025-08-20T08:34:04.284Z,1755678844284,0.13367400000000004
2025-08-20T08:34:24.296Z,1755678864296,0.13371800000000003
2025-08-20T08:34:29.305Z,1755678869305,0.13371800000000003
2025-08-20T08:34:54.339Z,1755678894339,0.13376200000000005
2025-08-20T08:34:59.354Z,1755678899354,0.13376200000000005
2025-08-20T08:35:24.284Z,1755678924284,0.13380600000000004
2025-08-20T08:35:29.269Z,1755678929269,0.13380600000000004
2025-08-20T08:35:49.320Z,1755678949320,0.13385000000000005
2025-08-20T08:35:54.296Z,1755678954296,0.13385000000000005
2025-08-20T08:35:59.305Z,1755678959305,0.13389400000000007
2025-08-20T08:36:09.323Z,1755678969323,0.13389400000000007
2025-08-20T08:36:14.335Z,1755678974335,0.13393800000000006
2025-08-20T08:36:19.329Z,1755678979329,0.13391600000000006
2025-08-20T08:36:24.347Z,1755678984347,0.13391600000000006
2025-08-20T08:36:49.259Z,1755679009259,0.13391600000000006
2025-08-20T08:36:54.272Z,1755679014272,0.13393800000000006
2025-08-20T08:36:54.272Z,1755679014272,0.13393800000000006
2025-08-20T08:38:34.248Z,1755679114248,0.13393800000000006
2025-08-20T08:38:34.248Z,1755679114248,0.13391600000000006
2025-08-20T08:38:39.265Z,1755679119265,0.13396000000000005
2025-08-20T08:38:44.278Z,1755679124278,0.13396000000000005
2025-08-20T08:39:14.317Z,1755679154317,0.13396000000000005
2025-08-20T08:39:19.332Z,1755679159332,0.13398200000000007
2025-08-20T08:39:24.351Z,1755679164351,0.13398200000000007
2025-08-20T08:39:39.249Z,1755679179249,0.13393800000000006
2025-08-20T08:39:44.258Z,1755679184258,0.13391600000000006
2025-08-20T08:40:29.348Z,1755679229348,0.13393800000000006
2025-08-20T08:40:34.324Z,1755679234324,0.13391600000000006
2025-08-20T08:42:49.278Z,1755679369278,0.13389400000000007
2025-08-20T08:42:54.284Z,1755679374284,0.13391600000000006
2025-08-20T08:42:54.284Z,1755679374284,0.13391600000000006
2025-08-20T08:43:34.325Z,1755679414325,0.13396000000000005
2025-08-20T08:43:34.325Z,1755679414325,0.13398200000000007
2025-08-20T08:43:39.340Z,1755679419340,0.13400400000000007
2025-08-20T08:43:44.354Z,1755679424354,0.13398200000000007
2025-08-20T08:43:49.271Z,1755679429271,0.13400400000000007
2025-08-20T08:44:09.305Z,1755679449305,0.13402600000000006
2025-08-20T08:44:14.312Z,1755679454312,0.13404800000000006
2025-08-20T08:44:19.284Z,1755679459284,0.13407000000000008
2025-08-20T08:44:24.297Z,1755679464297,0.13407000000000008
2025-08-20T08:45:34.259Z,1755679534259,0.13407000000000008
2025-08-20T08:45:39.265Z,1755679539265,0.13409200000000007
2025-08-20T08:45:44.271Z,1755679544271,0.13411400000000007
2025-08-20T08:45:49.279Z,1755679549279,0.1341360000000001
2025-08-20T08:46:19.299Z,1755679579299,0.1341360000000001
2025-08-20T08:46:24.310Z,1755679584310,0.1341360000000001
2025-08-20T08:46:39.344Z,1755679599344,0.13409200000000007
2025-08-20T08:46:44.361Z,1755679604361,0.13409200000000007
2025-08-20T08:46:49.367Z,1755679609367,0.13409200000000007
2025-08-20T08:46:54.381Z,1755679614381,0.13409200000000007
2025-08-20T08:47:54.319Z,1755679674319,0.1328600000000001
2025-08-20T08:47:59.336Z,1755679679336,0.13160600000000008
2025-08-20T08:48:19.277Z,1755679699277,0.11468800000000008
2025-08-20T08:48:24.290Z,1755679704290,0.09788000000000009
2025-08-20T08:48:44.286Z,1755679724286,0.0809180000000001
2025-08-20T08:48:49.298Z,1755679729298,0.0641320000000001
2025-08-20T08:48:49.298Z,1755679729298,0.0475000000000001
2025-08-20T08:49:24.321Z,1755679764321,0.030736000000000097
2025-08-20T08:49:24.321Z,1755679764321,0.014016000000000094
2025-08-20T08:49:29.339Z,1755679769339,0.014016000000000094
2025-08-20T08:49:44.362Z,1755679784362,0.014060000000000095
2025-08-20T08:49:49.274Z,1755679789274,0.014060000000000095
2025-08-20T08:50:09.267Z,1755679809267,0.014060000000000095
2025-08-20T08:50:14.278Z,1755679814278,0.014060000000000095
2025-08-20T08:50:44.335Z,1755679844335,0.014060000000000095
2025-08-20T08:50:49.346Z,1755679849346,0.014060000000000095
2025-08-20T08:50:54.356Z,1755679854356,0.014104000000000094
2025-08-20T08:50:59.367Z,1755679859367,0.014104000000000094
2025-08-20T08:51:14.255Z,1755679874255,0.014148000000000095
2025-08-20T08:51:19.261Z,1755679879261,0.014148000000000095
2025-08-20T08:51:29.284Z,1755679889284,0.014192000000000093
2025-08-20T08:51:34.295Z,1755679894295,0.014192000000000093
2025-08-20T08:52:04.318Z,1755679924318,0.014170000000000094
2025-08-20T08:52:09.341Z,1755679929341,0.014192000000000093
2025-08-20T08:52:44.371Z,1755679964371,0.014192000000000093
2025-08-20T08:52:49.247Z,1755679969247,0.014192000000000093
2025-08-20T08:53:49.331Z,1755680029331,0.014236000000000092
2025-08-20T08:53:54.341Z,1755680034341,0.014214000000000093
2025-08-20T08:53:59.351Z,1755680039351,0.014236000000000092
2025-08-20T08:54:24.384Z,1755680064384,0.014214000000000093
2025-08-20T08:54:29.296Z,1755680069296,0.014236000000000092
2025-08-20T08:55:14.316Z,1755680114316,0.014258000000000094
2025-08-20T08:55:14.316Z,1755680114316,0.014258000000000094
2025-08-20T08:55:19.332Z,1755680119332,0.014258000000000094
2025-08-20T08:55:19.332Z,1755680119332,0.014280000000000093
2025-08-20T08:55:29.356Z,1755680129356,0.014280000000000093
2025-08-20T08:55:34.364Z,1755680134364,0.014280000000000093
2025-08-20T08:55:54.262Z,1755680154262,0.014324000000000092
2025-08-20T08:55:59.274Z,1755680159274,0.014324000000000092
2025-08-20T08:56:14.268Z,1755680174268,0.015578000000000092
2025-08-20T08:56:29.331Z,1755680189331,0.03280400000000009
2025-08-20T08:56:34.299Z,1755680194299,0.050162000000000095
2025-08-20T08:56:39.307Z,1755680199307,0.0674760000000001
2025-08-20T08:56:44.316Z,1755680204316,0.08468000000000009
2025-08-20T08:56:49.336Z,1755680209336,0.10826400000000008
2025-08-20T08:56:54.346Z,1755680214346,0.1320900000000001
2025-08-20T08:56:59.353Z,1755680219353,0.15571800000000008
2025-08-20T08:57:04.362Z,1755680224362,0.1791920000000001
2025-08-20T08:57:09.339Z,1755680229339,0.2105200000000001
2025-08-20T08:57:14.247Z,1755680234247,0.24202400000000013
2025-08-20T08:57:19.365Z,1755680239365,0.2735940000000001
2025-08-20T08:57:24.279Z,1755680244279,0.3144480000000001
2025-08-20T08:57:29.289Z,1755680249289,0.3556760000000001
2025-08-20T08:57:34.294Z,1755680254294,0.39705800000000013
2025-08-20T08:57:39.300Z,1755680259300,0.4380000000000001
2025-08-20T08:57:44.316Z,1755680264316,0.48961200000000005
2025-08-20T08:57:49.286Z,1755680269286,0.5410480000000001
2025-08-20T08:57:54.294Z,1755680274294,0.592352
2025-08-20T08:57:59.307Z,1755680279307,0.644008
2025-08-20T08:58:04.321Z,1755680284321,0.695576
2025-08-20T08:58:09.330Z,1755680289330,0.7469239999999999
2025-08-20T08:58:14.343Z,1755680294343,0.809712
2025-08-20T08:58:19.310Z,1755680299310,0.87316
2025-08-20T08:58:24.322Z,1755680304322,0.936608
2025-08-20T08:58:29.331Z,1755680309331,1.0002319999999998
2025-08-20T08:58:34.341Z,1755680314341,1.06368
2025-08-20T08:58:39.347Z,1755680319347,1.139646
2025-08-20T08:58:44.362Z,1755680324362,1.2157
2025-08-20T08:58:49.267Z,1755680329267,1.291556
2025-08-20T08:58:54.274Z,1755680334274,1.3799960000000002
2025-08-20T08:58:59.282Z,1755680339282,1.4681060000000001
2025-08-20T08:59:04.285Z,1755680344285,1.556524
2025-08-20T08:59:09.289Z,1755680349289,1.644524
2025-08-20T08:59:19.310Z,1755680359310,1.73259
2025-08-20T08:59:24.317Z,1755680364317,1.826618
2025-08-20T08:59:29.322Z,1755680369322,1.917368
2025-08-20T08:59:34.327Z,1755680374327,2.017908
2025-08-20T08:59:39.338Z,1755680379338,2.118118
2025-08-20T08:59:44.353Z,1755680384353,2.2185919999999997
2025-08-20T08:59:49.361Z,1755680389361,2.3200339999999997
2025-08-20T08:59:54.334Z,1755680394334,2.4207499999999995
2025-08-20T08:59:59.343Z,1755680399343,2.52173
2025-08-20T09:00:04.349Z,1755680404349,2.6346339999999997
2025-08-20T09:00:09.268Z,1755680409268,2.74734
2025-08-20T09:00:14.279Z,1755680414279,2.8602879999999997
2025-08-20T09:00:19.287Z,1755680419287,2.984764
2025-08-20T09:00:24.295Z,1755680424295,3.109922
2025-08-20T09:00:29.313Z,1755680429313,3.2342220000000004
2025-08-20T09:00:34.289Z,1755680434289,3.3587640000000003
2025-08-20T09:00:39.306Z,1755680439306,3.484406000000001
2025-08-20T09:00:44.326Z,1755680444326,3.6090360000000006
2025-08-20T09:00:49.287Z,1755680449287,3.7450840000000003
2025-08-20T09:00:54.300Z,1755680454300,3.8819020000000006
2025-08-20T09:00:59.314Z,1755680459314,4.018830000000001
2025-08-20T09:01:04.321Z,1755680464321,4.155186000000001
2025-08-20T09:01:09.332Z,1755680469332,4.291146000000001
2025-08-20T09:01:14.341Z,1755680474341,4.426380000000001
2025-08-20T09:01:14.341Z,1755680474341,4.561592000000001
2025-08-20T09:01:19.354Z,1755680479354,4.697948000000001
2025-08-20T09:01:19.354Z,1755680479354,4.834282000000002
2025-08-20T09:01:24.326Z,1755680484326,4.967184000000001
2025-08-20T09:01:29.331Z,1755680489331,5.102660000000002
2025-08-20T09:01:34.346Z,1755680494346,5.249004000000002
2025-08-20T09:01:39.357Z,1755680499357,5.395304000000002
2025-08-20T09:01:44.368Z,1755680504368,5.540834000000002
2025-08-20T09:01:49.376Z,1755680509376,5.685660000000002
2025-08-20T09:01:54.287Z,1755680514287,5.842058000000003
2025-08-20T09:01:59.295Z,1755680519295,5.998302000000003
2025-08-20T09:02:04.304Z,1755680524304,6.154062000000003
2025-08-20T09:02:09.316Z,1755680529316,6.319766000000004
2025-08-20T09:02:14.330Z,1755680534330,6.486680000000004
2025-08-20T09:02:19.287Z,1755680539287,6.652736000000004
2025-08-20T09:02:24.299Z,1755680544299,6.818858000000005
2025-08-20T09:02:29.302Z,1755680549302,6.988610000000006
2025-08-20T09:02:34.309Z,1755680554309,7.158296000000006
2025-08-20T09:02:39.318Z,1755680559318,7.326662000000006
2025-08-20T09:02:44.330Z,1755680564330,7.4998680000000055
2025-08-20T09:02:49.340Z,1755680569340,7.672700000000007
2025-08-20T09:02:54.342Z,1755680574342,7.846698000000007
2025-08-20T09:02:59.348Z,1755680579348,8.020850000000006
2025-08-20T09:03:04.370Z,1755680584370,8.195178000000007
2025-08-20T09:03:09.375Z,1755680589375,8.370078000000008
2025-08-20T09:03:14.345Z,1755680594345,8.544516000000009
2025-08-20T09:03:19.256Z,1755680599256,8.719108000000007
2025-08-20T09:03:24.271Z,1755680604271,8.893172000000009
2025-08-20T09:03:29.288Z,1755680609288,9.067280000000009
2025-08-20T09:03:34.301Z,1755680614301,9.240904000000008
2025-08-20T09:03:39.277Z,1755680619277,9.41446200000001
2025-08-20T09:03:44.290Z,1755680624290,9.58808600000001
2025-08-20T09:03:49.299Z,1755680629299,9.76120400000001
2025-08-20T09:03:54.314Z,1755680634314,9.93328800000001
2025-08-20T09:03:59.342Z,1755680639342,10.10638400000001
2025-08-20T09:04:04.314Z,1755680644314,10.27868800000001
2025-08-20T09:04:09.322Z,1755680649322,10.45200400000001
2025-08-20T09:04:14.330Z,1755680654330,10.625496000000009
2025-08-20T09:04:19.341Z,1755680659341,10.798834000000008
2025-08-20T09:04:24.349Z,1755680664349,10.973118000000008
2025-08-20T09:04:29.361Z,1755680669361,11.147050000000009
2025-08-20T09:04:34.365Z,1755680674365,11.320960000000008
2025-08-20T09:04:39.369Z,1755680679369,11.493726000000008
2025-08-20T09:04:44.383Z,1755680684383,11.650850000000007
2025-08-20T09:04:49.292Z,1755680689292,11.806324000000009
2025-08-20T09:04:54.261Z,1755680694261,11.96289800000001
2025-08-20T09:04:59.268Z,1755680699268,12.12008800000001
2025-08-20T09:05:04.280Z,1755680704280,12.27061200000001
2025-08-20T09:05:09.290Z,1755680709290,12.42069600000001
2025-08-20T09:05:14.303Z,1755680714303,12.57122000000001
2025-08-20T09:05:19.311Z,1755680719311,12.72163400000001
2025-08-20T09:05:24.321Z,1755680724321,12.86494200000001
2025-08-20T09:05:29.321Z,1755680729321,13.007282000000009
2025-08-20T09:05:34.329Z,1755680734329,13.149710000000011
2025-08-20T09:05:39.331Z,1755680739331,13.28245800000001
2025-08-20T09:05:44.341Z,1755680744341,13.41397400000001
2025-08-20T09:05:49.352Z,1755680749352,13.54604000000001
2025-08-20T09:05:54.365Z,1755680754365,13.67764400000001
2025-08-20T09:05:59.379Z,1755680759379,13.797654000000009
2025-08-20T09:06:04.285Z,1755680764285,13.919094000000008
2025-08-20T09:06:09.258Z,1755680769258,14.039918000000007
2025-08-20T09:06:14.266Z,1755680774266,14.161050000000007
2025-08-20T09:06:19.275Z,1755680779275,14.283502000000006
2025-08-20T09:06:24.278Z,1755680784278,14.405668000000006
2025-08-20T09:06:29.291Z,1755680789291,14.517098000000006
2025-08-20T09:06:34.300Z,1755680794300,14.626746000000008
2025-08-20T09:06:39.306Z,1755680799306,14.736922000000007
2025-08-20T09:06:44.316Z,1755680804316,14.847406000000005
2025-08-20T09:06:49.321Z,1755680809321,14.957538000000005
2025-08-20T09:06:54.333Z,1755680814333,15.055086000000003
2025-08-20T09:06:59.343Z,1755680819343,15.152810000000004
2025-08-20T09:07:04.348Z,1755680824348,15.250072000000005
2025-08-20T09:07:09.360Z,1755680829360,15.335498000000005
2025-08-20T09:07:14.368Z,1755680834368,15.420374000000006
2025-08-20T09:07:14.368Z,1755680834368,15.504964000000006
2025-08-20T09:07:19.378Z,1755680839378,15.589994000000006
2025-08-20T09:07:19.378Z,1755680839378,15.674980000000005
2025-08-20T09:07:24.348Z,1755680844348,15.754928000000007
2025-08-20T09:07:29.256Z,1755680849256,15.836900000000007
2025-08-20T09:07:34.269Z,1755680854269,15.908994000000007
2025-08-20T09:07:39.279Z,1755680859279,15.982540000000007
2025-08-20T09:07:44.285Z,1755680864285,16.055536000000007
2025-08-20T09:07:49.291Z,1755680869291,16.12763000000001
2025-08-20T09:07:54.305Z,1755680874305,16.20040600000001
2025-08-20T09:07:59.319Z,1755680879319,16.09947000000001
2025-08-20T09:08:04.333Z,1755680884333,16.15889200000001
2025-08-20T09:08:09.297Z,1755680889297,16.21873200000001
2025-08-20T09:08:14.306Z,1755680894306,16.27868200000001
2025-08-20T09:08:19.314Z,1755680899314,16.32794000000001
2025-08-20T09:08:24.320Z,1755680904320,16.37587800000001
2025-08-20T09:08:29.327Z,1755680909327,16.42364000000001
2025-08-20T09:08:34.335Z,1755680914335,16.471380000000007
2025-08-20T09:08:39.344Z,1755680919344,16.520132000000007
2025-08-20T09:08:44.355Z,1755680924355,16.569302000000008
2025-08-20T09:08:49.360Z,1755680929360,16.606790000000004
2025-08-20T09:08:54.368Z,1755680934368,16.64394800000001
2025-08-20T09:08:59.281Z,1755680939281,16.681238000000008
2025-08-20T09:09:04.354Z,1755680944354,16.718286000000006
2025-08-20T09:09:09.262Z,1755680949262,16.755598000000006
2025-08-20T09:09:14.273Z,1755680954273,16.793614000000005
2025-08-20T09:09:19.283Z,1755680959283,16.831652000000005
2025-08-20T09:09:24.291Z,1755680964291,16.867512000000005
2025-08-20T09:09:29.305Z,1755680969305,16.903658000000007
2025-08-20T09:09:34.313Z,1755680974313,16.942664000000008
2025-08-20T09:09:39.322Z,1755680979322,16.979866000000005
2025-08-20T09:09:44.295Z,1755680984295,17.006904000000006
2025-08-20T09:09:49.304Z,1755680989304,17.034096000000005
2025-08-20T09:09:54.313Z,1755680994313,17.063400000000005
2025-08-20T09:09:59.325Z,1755680999325,17.093232000000004
2025-08-20T09:10:04.334Z,1755681004334,17.110062000000006
2025-08-20T09:10:09.339Z,1755681009339,17.127288000000007
2025-08-20T09:10:14.348Z,1755681014348,17.145284000000007
2025-08-20T09:10:19.357Z,1755681019357,17.153160000000007
2025-08-20T09:10:24.371Z,1755681024371,17.158506000000006
2025-08-20T09:10:29.386Z,1755681029386,17.164622000000005
2025-08-20T09:10:34.348Z,1755681034348,17.170474000000006
2025-08-20T09:10:39.249Z,1755681039249,17.172762000000006
2025-08-20T09:10:44.265Z,1755681044265,17.174742000000006
2025-08-20T09:10:49.273Z,1755681049273,17.178834000000005
2025-08-20T09:10:54.282Z,1755681054282,17.177910000000008
2025-08-20T09:10:59.299Z,1755681059299,17.177602000000007
2025-08-20T09:11:04.310Z,1755681064310,17.175798000000007
2025-08-20T09:11:09.317Z,1755681069317,17.175050000000006
2025-08-20T09:11:14.324Z,1755681074324,17.174302000000008
2025-08-20T09:11:19.291Z,1755681079291,17.171904000000005
2025-08-20T09:11:24.300Z,1755681084300,17.170738000000007
2025-08-20T09:11:29.309Z,1755681089309,17.168472000000005
2025-08-20T09:11:34.314Z,1755681094314,17.166558000000006
2025-08-20T09:11:39.324Z,1755681099324,17.163720000000005
2025-08-20T09:11:44.332Z,1755681104332,17.161542000000004
2025-08-20T09:11:49.343Z,1755681109343,16.988006000000006
2025-08-20T09:11:54.351Z,1755681114351,16.814404000000007
2025-08-20T09:11:59.258Z,1755681119258,16.641308000000006
2025-08-20T09:12:09.375Z,1755681129375,16.46924600000001
2025-08-20T09:12:14.286Z,1755681134286,16.296128000000007
2025-08-20T09:12:34.281Z,1755681154281,16.12382400000001
2025-08-20T09:12:39.296Z,1755681159296,15.950508000000008
2025-08-20T09:12:59.333Z,1755681179333,15.77703800000001
2025-08-20T09:13:04.345Z,1755681184345,15.60367800000001
2025-08-20T09:13:04.345Z,1755681184345,15.42939400000001
2025-08-20T09:13:24.340Z,1755681204340,15.255462000000009
2025-08-20T09:13:24.340Z,1755681204340,15.08157400000001
2025-08-20T09:13:29.346Z,1755681209346,14.90753200000001
2025-08-20T09:13:54.288Z,1755681234288,14.733204000000011
2025-08-20T09:13:59.302Z,1755681239302,14.560372000000012
2025-08-20T09:14:29.313Z,1755681269313,14.387760000000009
2025-08-20T09:14:34.320Z,1755681274320,14.214620000000009
2025-08-20T09:14:39.327Z,1755681279327,14.213608000000008
2025-08-20T09:14:44.350Z,1755681284350,14.212332000000009
2025-08-20T09:14:49.359Z,1755681289359,14.211188000000007
2025-08-20T09:14:54.326Z,1755681294326,14.210638000000007
2025-08-20T09:14:59.336Z,1755681299336,14.209252000000006
2025-08-20T09:15:04.348Z,1755681304348,14.208592000000005
2025-08-20T09:15:09.356Z,1755681309356,14.208438000000006
2025-08-20T09:15:14.368Z,1755681314368,14.208174000000007
2025-08-20T09:15:19.278Z,1755681319278,14.209010000000005
2025-08-20T09:15:24.287Z,1755681324287,14.209054000000005
2025-08-20T09:15:29.302Z,1755681329302,14.209670000000006
2025-08-20T09:15:34.313Z,1755681334313,14.211166000000006
2025-08-20T09:15:39.293Z,1755681339293,14.211276000000005
2025-08-20T09:15:44.303Z,1755681344303,14.210902000000006
2025-08-20T09:15:49.315Z,1755681349315,14.210242000000004
2025-08-20T09:15:54.319Z,1755681354319,14.209142000000007
2025-08-20T09:15:59.334Z,1755681359334,14.208130000000006
2025-08-20T09:16:04.313Z,1755681364313,14.206722000000006
2025-08-20T09:16:09.328Z,1755681369328,14.207030000000005
2025-08-20T09:16:14.347Z,1755681374347,14.207206000000006
2025-08-20T09:16:19.358Z,1755681379358,14.206832000000006
2025-08-20T09:16:24.368Z,1755681384368,14.206634000000006
2025-08-20T09:16:29.376Z,1755681389376,14.206260000000007
2025-08-20T09:16:34.280Z,1755681394280,14.204984000000007
2025-08-20T09:16:39.294Z,1755681399294,14.205534000000007
2025-08-20T09:16:44.282Z,1755681404282,14.204148000000007
2025-08-20T09:16:49.291Z,1755681409291,14.204368000000006
2025-08-20T09:16:54.306Z,1755681414306,14.203224000000004
2025-08-20T09:16:59.316Z,1755681419316,14.201376000000005
2025-08-20T09:17:04.328Z,1755681424328,14.199198000000006
2025-08-20T09:17:09.294Z,1755681429294,14.197438000000004
2025-08-20T09:17:14.302Z,1755681434302,14.196624000000003
2025-08-20T09:17:19.316Z,1755681439316,14.197636000000005
2025-08-20T09:17:24.328Z,1755681444328,14.196866000000005
2025-08-20T09:17:29.338Z,1755681449338,14.196096000000004
2025-08-20T09:17:34.348Z,1755681454348,14.194974000000007
2025-08-20T09:17:39.366Z,1755681459366,14.193500000000006
2025-08-20T09:17:44.372Z,1755681464372,14.365276000000005
2025-08-20T09:17:49.376Z,1755681469376,14.364792000000007
2025-08-20T09:17:54.337Z,1755681474337,14.363934000000006
2025-08-20T09:17:59.345Z,1755681479345,14.363010000000006
2025-08-20T09:18:04.353Z,1755681484353,14.361162000000006
2025-08-20T09:18:09.361Z,1755681489361,14.360590000000007
2025-08-20T09:18:14.369Z,1755681494369,14.361778000000006
2025-08-20T09:18:19.379Z,1755681499379,14.362130000000006
2025-08-20T09:18:24.287Z,1755681504287,14.360788000000007
2025-08-20T09:18:29.307Z,1755681509307,14.360502000000007
2025-08-20T09:18:34.316Z,1755681514316,14.359710000000009
2025-08-20T09:18:39.324Z,1755681519324,14.359270000000008
2025-08-20T09:18:44.329Z,1755681524329,14.357532000000008
2025-08-20T09:18:49.299Z,1755681529299,14.356256000000007
2025-08-20T09:18:54.306Z,1755681534306,14.35608000000001
2025-08-20T09:18:59.315Z,1755681539315,14.355574000000011
2025-08-20T09:19:04.324Z,1755681544324,14.354188000000011
2025-08-20T09:19:09.335Z,1755681549335,14.35476000000001
2025-08-20T09:19:14.348Z,1755681554348,14.35407800000001
2025-08-20T09:19:14.348Z,1755681554348,14.353990000000012
2025-08-20T09:19:19.336Z,1755681559336,14.353902000000012
2025-08-20T09:19:19.336Z,1755681559336,14.353132000000011
2025-08-20T09:19:24.339Z,1755681564339,14.352274000000012
2025-08-20T09:19:29.368Z,1755681569368,14.349810000000012
2025-08-20T09:19:34.376Z,1755681574376,14.346950000000014
2025-08-20T09:19:39.383Z,1755681579383,14.346136000000016
2025-08-20T09:19:44.357Z,1755681584357,14.344442000000015
2025-08-20T09:19:49.369Z,1755681589369,14.343518000000016
2025-08-20T09:19:54.386Z,1755681594386,14.342176000000016
2025-08-20T09:19:59.396Z,1755681599396,14.342088000000015
2025-08-20T09:20:04.265Z,1755681604265,14.341912000000013
2025-08-20T09:20:09.279Z,1755681609279,14.341164000000013
2025-08-20T09:20:14.288Z,1755681614288,14.341274000000013
2025-08-20T09:20:19.299Z,1755681619299,14.341340000000011
2025-08-20T09:20:24.312Z,1755681624312,14.340724000000009
2025-08-20T09:20:29.319Z,1755681629319,14.34015200000001
2025-08-20T09:20:34.336Z,1755681634336,14.33984400000001
2025-08-20T09:20:39.343Z,1755681639343,14.34142800000001
2025-08-20T09:20:44.351Z,1755681644351,14.33966800000001
2025-08-20T09:20:49.363Z,1755681649363,14.338238000000011
2025-08-20T09:20:54.329Z,1755681654329,14.338458000000012
2025-08-20T09:20:59.345Z,1755681659345,14.337402000000012
2025-08-20T09:21:04.350Z,1755681664350,14.337644000000012
2025-08-20T09:21:09.355Z,1755681669355,14.338370000000012
2025-08-20T09:21:14.365Z,1755681674365,14.338656000000013
2025-08-20T09:21:19.374Z,1755681679374,14.338546000000013
2025-08-20T09:21:24.285Z,1755681684285,14.510278000000012
2025-08-20T09:21:29.269Z,1755681689269,14.681548000000012
2025-08-20T09:21:34.275Z,1755681694275,14.852950000000012
2025-08-20T09:21:39.290Z,1755681699290,15.024594000000011
2025-08-20T09:21:44.302Z,1755681704302,15.19579800000001
2025-08-20T09:21:49.317Z,1755681709317,15.368344000000011
2025-08-20T09:21:54.289Z,1755681714289,15.540010000000011
2025-08-20T09:21:59.298Z,1755681719298,15.712688000000009
2025-08-20T09:22:04.313Z,1755681724313,15.88554200000001
2025-08-20T09:22:09.341Z,1755681729341,16.05771400000001
2025-08-20T09:22:14.306Z,1755681734306,16.229710000000008
2025-08-20T09:22:19.323Z,1755681739323,16.40337800000001
2025-08-20T09:22:24.334Z,1755681744334,16.57572600000001
2025-08-20T09:22:29.346Z,1755681749346,16.747788000000007
2025-08-20T09:22:34.357Z,1755681754357,16.920884000000008
2025-08-20T09:22:39.370Z,1755681759370,17.09211000000001
2025-08-20T09:22:44.379Z,1755681764379,17.263072000000008
2025-08-20T09:22:49.389Z,1755681769389,17.262764000000008
2025-08-20T09:22:54.349Z,1755681774349,17.26247800000001
2025-08-20T09:22:59.362Z,1755681779362,17.26173000000001
2025-08-20T09:23:04.273Z,1755681784273,17.26023400000001
2025-08-20T09:23:09.280Z,1755681789280,17.258892000000014
2025-08-20T09:23:14.287Z,1755681794287,17.25669200000001
2025-08-20T09:23:19.301Z,1755681799301,17.255042000000014
2025-08-20T09:23:24.309Z,1755681804309,17.253150000000012
2025-08-20T09:23:29.322Z,1755681809322,17.251192000000014
2025-08-20T09:23:34.336Z,1755681814336,17.250048000000014
2025-08-20T09:23:39.303Z,1755681819303,17.249608000000013
2025-08-20T09:23:44.311Z,1755681824311,17.247716000000015
2025-08-20T09:23:49.322Z,1755681829322,17.247672000000012
2025-08-20T09:23:54.332Z,1755681834332,17.247386000000017
2025-08-20T09:23:59.344Z,1755681839344,17.246704000000015
2025-08-20T09:24:04.351Z,1755681844351,17.244438000000017
2025-08-20T09:24:09.358Z,1755681849358,17.243492000000018
2025-08-20T09:24:14.367Z,1755681854367,17.241776000000016
2025-08-20T09:24:19.375Z,1755681859375,17.239378000000016
2025-08-20T09:24:24.382Z,1755681864382,17.237156000000013
2025-08-20T09:24:29.392Z,1755681869392,17.235528000000013
2025-08-20T09:24:34.260Z,1755681874260,17.23339400000001
2025-08-20T09:24:39.269Z,1755681879269,17.23104000000001
2025-08-20T09:24:44.278Z,1755681884278,17.22923600000001
2025-08-20T09:24:49.290Z,1755681889290,17.226156000000014
2025-08-20T09:24:54.296Z,1755681894296,17.225012000000014
2025-08-20T09:24:59.304Z,1755681899304,17.222680000000015
2025-08-20T09:25:04.312Z,1755681904312,17.221734000000016
2025-08-20T09:25:09.323Z,1755681909323,17.221778000000015
2025-08-20T09:25:14.331Z,1755681914331,17.221294000000015
2025-08-20T09:25:14.331Z,1755681914331,17.219490000000015
2025-08-20T09:25:19.345Z,1755681919345,17.218566000000013
2025-08-20T09:25:19.345Z,1755681919345,17.215882000000015
2025-08-20T09:25:24.348Z,1755681924348,17.212780000000013
2025-08-20T09:25:29.323Z,1755681929323,17.210690000000014
2025-08-20T09:25:34.335Z,1755681934335,17.209766000000013
2025-08-20T09:25:39.338Z,1755681939338,17.20901800000001
2025-08-20T09:25:44.349Z,1755681944349,17.208072000000012
2025-08-20T09:25:49.359Z,1755681949359,17.207698000000015
2025-08-20T09:25:54.365Z,1755681954365,17.206972000000015
2025-08-20T09:25:59.369Z,1755681959369,17.206642000000013
2025-08-20T09:26:04.288Z,1755681964288,17.205190000000012
2025-08-20T09:26:09.300Z,1755681969300,17.203342000000013
2025-08-20T09:26:14.309Z,1755681974309,17.030092000000014
2025-08-20T09:27:04.329Z,1755682024329,16.857458000000015
2025-08-20T09:27:09.339Z,1755682029339,16.684406000000013
2025-08-20T09:28:19.333Z,1755682099333,16.510936000000015
2025-08-20T09:28:29.357Z,1755682109357,16.338192000000014
2025-08-20T09:28:34.361Z,1755682114361,16.164656000000015
2025-08-20T09:28:39.335Z,1755682119335,15.992176000000015
2025-08-20T09:29:09.297Z,1755682149297,15.820048000000018
2025-08-20T09:29:14.265Z,1755682154265,15.646952000000017
2025-08-20T09:29:49.324Z,1755682189324,15.474252000000018
2025-08-20T09:29:54.330Z,1755682194330,15.302388000000017
2025-08-20T09:29:59.337Z,1755682199337,15.129644000000017
2025-08-20T09:30:14.326Z,1755682214326,14.957846000000016
2025-08-20T09:30:39.375Z,1755682239375,14.786070000000016
2025-08-20T09:30:44.352Z,1755682244352,14.613480000000015
2025-08-20T09:30:44.352Z,1755682244352,14.440890000000016
2025-08-20T10:02:14.316Z,1755684134316,0.014896000000016374
2025-08-20T10:02:14.316Z,1755684134316,0.014918000000016373
2025-08-20T10:02:19.325Z,1755684139325,0.014896000000016374
2025-08-20T10:02:39.358Z,1755684159358,0.014896000000016374
2025-08-20T10:02:44.368Z,1755684164368,0.014896000000016374
2025-08-20T10:02:59.361Z,1755684179361,0.014896000000016374
2025-08-20T10:03:04.376Z,1755684184376,0.014896000000016374
2025-08-20T10:03:09.289Z,1755684189289,0.014896000000016374
2025-08-20T10:03:14.302Z,1755684194302,0.014896000000016374
2025-08-20T10:03:34.296Z,1755684214296,0.014852000000016375
2025-08-20T10:03:39.305Z,1755684219305,0.014852000000016375
2025-08-20T10:04:04.361Z,1755684244361,0.014852000000016375
2025-08-20T10:04:19.351Z,1755684259351,0.014852000000016375
2025-08-20T10:04:24.365Z,1755684264365,0.014852000000016375
2025-08-20T10:04:29.367Z,1755684269367,0.014852000000016375
2025-08-20T10:05:29.337Z,1755684329337,0.014852000000016375
2025-08-20T10:05:34.350Z,1755684334350,0.014852000000016375
2025-08-20T10:05:39.363Z,1755684339363,0.014852000000016375
2025-08-20T10:05:44.375Z,1755684344375,0.014852000000016375
2025-08-20T10:06:49.319Z,1755684409319,0.014896000000016374
2025-08-20T10:07:04.359Z,1755684424359,0.014896000000016374
2025-08-20T10:07:04.359Z,1755684424359,0.014874000000016374
2025-08-20T10:07:19.342Z,1755684439342,0.014896000000016374
2025-08-20T10:07:19.342Z,1755684439342,0.014896000000016374
2025-08-20T10:07:24.353Z,1755684444353,0.014918000000016373
2025-08-20T10:07:34.368Z,1755684454368,0.014940000000016374
2025-08-20T10:07:54.398Z,1755684474398,0.014918000000016373
2025-08-20T10:08:09.324Z,1755684489324,0.014940000000016374
2025-08-20T10:08:24.320Z,1755684504320,0.014918000000016373
2025-08-20T10:09:24.281Z,1755684564281,0.014940000000016374
2025-08-20T10:09:29.305Z,1755684569305,0.014940000000016374
2025-08-20T10:09:54.361Z,1755684594361,0.014940000000016374
2025-08-20T10:10:04.341Z,1755684604341,0.014918000000016373
2025-08-20T10:10:09.348Z,1755684609348,0.014940000000016374
2025-08-20T10:10:14.354Z,1755684614354,0.014918000000016373
2025-08-20T10:10:34.397Z,1755684634397,0.014940000000016374
2025-08-20T10:10:39.308Z,1755684639308,0.014918000000016373
2025-08-20T10:10:59.344Z,1755684659344,0.014896000000016374
2025-08-20T10:11:04.308Z,1755684664308,0.014874000000016374
2025-08-20T10:12:14.407Z,1755684734407,0.016150000000016373
2025-08-20T10:12:24.324Z,1755684744324,0.017426000000016376
2025-08-20T10:12:29.289Z,1755684749289,0.18913600000001637
2025-08-20T10:12:34.298Z,1755684754298,0.36020800000001635
2025-08-20T10:12:39.312Z,1755684759312,0.5320720000000163
2025-08-20T10:12:44.323Z,1755684764323,0.7027260000000163
2025-08-20T10:12:49.338Z,1755684769338,0.8734900000000164
2025-08-20T10:12:54.348Z,1755684774348,1.0426480000000165
2025-08-20T10:12:59.316Z,1755684779316,1.2133020000000163
2025-08-20T10:13:04.332Z,1755684784332,1.3834720000000167
2025-08-20T10:13:09.341Z,1755684789341,1.5535540000000165
2025-08-20T10:13:14.355Z,1755684794355,1.7238560000000165
2025-08-20T10:13:14.355Z,1755684794355,1.8941800000000166
2025-08-20T10:13:19.363Z,1755684799363,2.0645260000000167
2025-08-20T10:13:19.363Z,1755684799363,2.234850000000017
2025-08-20T10:13:24.376Z,1755684804376,2.405878000000017
2025-08-20T10:13:29.343Z,1755684809343,2.576840000000017
2025-08-20T10:13:34.354Z,1755684814354,2.7474940000000174
2025-08-20T10:13:39.361Z,1755684819361,2.919490000000018
2025-08-20T10:13:44.369Z,1755684824369,3.0910680000000177
2025-08-20T10:13:49.382Z,1755684829382,3.2620740000000183
2025-08-20T10:13:54.385Z,1755684834385,3.4325960000000184
2025-08-20T10:13:59.394Z,1755684839394,3.603360000000019
2025-08-20T10:14:04.408Z,1755684844408,3.773266000000019
2025-08-20T10:14:09.376Z,1755684849376,3.9438760000000195
2025-08-20T10:14:14.382Z,1755684854382,4.11387000000002
2025-08-20T10:14:19.288Z,1755684859288,4.28415000000002
2025-08-20T10:14:24.295Z,1755684864295,4.45416600000002
2025-08-20T10:14:29.304Z,1755684869304,4.62526000000002
2025-08-20T10:14:34.328Z,1755684874328,4.79595800000002
2025-08-20T10:14:39.337Z,1755684879337,4.967844000000021
2025-08-20T10:14:44.351Z,1755684884351,5.138850000000022
2025-08-20T10:14:49.359Z,1755684889359,5.310098000000022
2025-08-20T10:14:54.371Z,1755684894371,5.480950000000022
2025-08-20T10:14:59.340Z,1755684899340,5.651362000000022
2025-08-20T10:15:04.348Z,1755684904348,5.821400000000023
2025-08-20T10:15:09.357Z,1755684909357,5.991592000000023
2025-08-20T10:15:14.363Z,1755684914363,6.161366000000023
2025-08-20T10:15:19.375Z,1755684919375,6.332108000000023
2025-08-20T10:15:24.389Z,1755684924389,6.501640000000024
2025-08-20T10:15:29.395Z,1755684929395,6.670776000000025
2025-08-20T10:15:34.405Z,1755684934405,6.8404180000000245
2025-08-20T10:15:39.414Z,1755684939414,7.0109400000000255
2025-08-20T10:15:44.378Z,1755684944378,7.181968000000025
2025-08-20T10:15:49.290Z,1755684949290,7.352138000000026
2025-08-20T10:15:54.296Z,1755684954296,7.522396000000026
2025-08-20T10:15:59.305Z,1755684959305,7.693468000000027
2025-08-20T10:16:04.319Z,1755684964319,7.8628240000000265
2025-08-20T10:16:09.328Z,1755684969328,8.034028000000028
2025-08-20T10:16:14.351Z,1755684974351,8.203846000000027
2025-08-20T10:16:19.315Z,1755684979315,8.374434000000027
2025-08-20T10:16:24.330Z,1755684984330,8.544648000000027
2025-08-20T10:16:29.338Z,1755684989338,8.714444000000027
2025-08-20T10:16:34.359Z,1755684994359,8.884416000000027
2025-08-20T10:16:39.371Z,1755684999371,9.054278000000028
2025-08-20T10:16:44.382Z,1755685004382,9.224646000000028
2025-08-20T10:16:49.345Z,1755685009345,9.396224000000029
2025-08-20T10:16:54.356Z,1755685014356,9.567120000000028
2025-08-20T10:16:59.366Z,1755685019366,9.73854400000003
2025-08-20T10:17:04.376Z,1755685024376,9.90882400000003
2025-08-20T10:17:09.389Z,1755685029389,10.07947800000003
2025-08-20T10:17:14.395Z,1755685034395,10.250132000000029
2025-08-20T10:17:19.409Z,1755685039409,10.419774000000027
2025-08-20T10:17:24.319Z,1755685044319,10.589636000000027
2025-08-20T10:17:29.377Z,1755685049377,10.759454000000026
2025-08-20T10:17:34.297Z,1755685054297,10.928282000000026
2025-08-20T10:17:39.303Z,1755685059303,11.097880000000025
2025-08-20T10:17:44.311Z,1755685064311,11.267038000000024
2025-08-20T10:17:49.316Z,1755685069316,11.436856000000024
2025-08-20T10:17:54.333Z,1755685074333,11.606674000000023
2025-08-20T10:17:59.349Z,1755685079349,11.777020000000023
2025-08-20T10:18:04.358Z,1755685084358,11.946948000000022
2025-08-20T10:18:09.364Z,1755685089364,11.946904000000023
2025-08-20T10:18:14.375Z,1755685094375,11.946904000000023
2025-08-20T10:18:49.382Z,1755685129382,11.946904000000023
2025-08-20T10:18:59.301Z,1755685139301,11.946904000000023
2025-08-20T10:18:59.301Z,1755685139301,11.946882000000022
2025-08-20T10:19:19.307Z,1755685159307,11.946860000000022
2025-08-20T10:19:19.307Z,1755685159307,11.946816000000021
2025-08-20T10:19:24.321Z,1755685164321,11.946816000000021
2025-08-20T10:19:34.350Z,1755685174350,11.94807000000002
2025-08-20T10:19:39.322Z,1755685179322,12.11852600000002
2025-08-20T10:19:44.336Z,1755685184336,12.28852000000002
2025-08-20T10:19:49.355Z,1755685189355,12.458624000000018
2025-08-20T10:19:54.361Z,1755685194361,12.628464000000017
2025-08-20T10:19:59.374Z,1755685199374,12.797952000000018
2025-08-20T10:20:04.338Z,1755685204338,12.967748000000018
2025-08-20T10:20:09.348Z,1755685209348,13.138336000000017
2025-08-20T10:20:14.360Z,1755685214360,13.308308000000016
2025-08-20T10:20:19.367Z,1755685219367,13.479424000000016
2025-08-20T10:20:24.381Z,1755685224381,13.649858000000012
2025-08-20T10:20:29.394Z,1755685229394,13.819390000000013
2025-08-20T10:20:34.404Z,1755685234404,13.98879000000001
2025-08-20T10:20:39.374Z,1755685239374,14.15889400000001
2025-08-20T10:20:44.382Z,1755685244382,14.32855800000001
2025-08-20T10:20:49.292Z,1755685249292,14.49760600000001
2025-08-20T10:20:54.304Z,1755685254304,14.668128000000008
2025-08-20T10:20:59.312Z,1755685259312,14.838562000000008
2025-08-20T10:21:04.318Z,1755685264318,15.007962000000006
2025-08-20T10:21:09.328Z,1755685269328,15.177736000000007
2025-08-20T10:21:14.338Z,1755685274338,15.346916000000006
2025-08-20T10:21:19.345Z,1755685279345,15.516228000000005
2025-08-20T10:21:24.358Z,1755685284358,15.513434000000004
2025-08-20T10:21:29.363Z,1755685289363,15.512532000000004
2025-08-20T10:21:34.376Z,1755685294376,15.511146000000004
2025-08-20T10:21:39.384Z,1755685299384,15.510816000000002
2025-08-20T10:21:44.353Z,1755685304353,15.510200000000003
2025-08-20T10:21:49.381Z,1755685309381,15.511366
2025-08-20T10:21:54.384Z,1755685314384,15.511344000000001
2025-08-20T10:21:59.393Z,1755685319393,15.510948000000003
2025-08-20T10:22:04.407Z,1755685324407,15.511190000000004
2025-08-20T10:22:09.413Z,1755685329413,15.510376000000003
2025-08-20T10:22:14.285Z,1755685334285,15.510046000000003
2025-08-20T10:22:19.292Z,1755685339292,15.509738000000002
2025-08-20T10:22:24.303Z,1755685344303,15.508880000000003
2025-08-20T10:22:29.312Z,1755685349312,15.507384000000004
2025-08-20T10:22:34.314Z,1755685354314,15.506174000000005
2025-08-20T10:22:39.325Z,1755685359325,15.504546000000005
2025-08-20T10:22:44.333Z,1755685364333,15.502412000000007
2025-08-20T10:22:49.347Z,1755685369347,15.501004000000005
2025-08-20T10:22:54.354Z,1755685374354,15.499794000000007
2025-08-20T10:22:59.365Z,1755685379365,15.498958000000007
2025-08-20T10:23:04.330Z,1755685384330,15.497858000000008
2025-08-20T10:23:09.340Z,1755685389340,15.497088000000009
2025-08-20T10:23:14.349Z,1755685394349,15.497858000000008
2025-08-20T10:23:19.357Z,1755685399357,15.497264000000007
2025-08-20T10:23:24.375Z,1755685404375,15.496032000000007
2025-08-20T10:23:29.381Z,1755685409381,15.495702000000009
2025-08-20T10:23:34.394Z,1755685414394,15.493810000000007
2025-08-20T10:23:39.405Z,1755685419405,15.492864000000006
2025-08-20T10:23:44.408Z,1755685424408,15.489740000000007
2025-08-20T10:23:49.317Z,1755685429317,15.488134000000004
2025-08-20T10:23:54.333Z,1755685434333,15.487012000000004
2025-08-20T10:23:59.307Z,1755685439307,15.486506000000004
2025-08-20T10:24:04.316Z,1755685444316,15.485824000000004
2025-08-20T10:24:09.328Z,1755685449328,15.486704000000005
2025-08-20T10:24:14.343Z,1755685454343,15.489344000000006
2025-08-20T10:24:19.349Z,1755685459349,15.492732000000005
2025-08-20T10:24:24.365Z,1755685464365,15.494668000000006
2025-08-20T10:24:29.371Z,1755685469371,15.497154000000007
2025-08-20T10:24:34.376Z,1755685474376,15.501004000000007
2025-08-20T10:24:39.380Z,1755685479380,15.504194000000007
2025-08-20T10:24:44.393Z,1755685484393,15.505668000000007
2025-08-20T10:24:49.375Z,1755685489375,15.507516000000008
2025-08-20T10:24:54.381Z,1755685494381,15.51004600000001
2025-08-20T10:24:59.398Z,1755685499398,15.512752000000008
2025-08-20T10:25:04.410Z,1755685504410,15.514534000000008
2025-08-20T10:25:09.330Z,1755685509330,15.518296000000007
2025-08-20T10:25:14.307Z,1755685514307,15.519836000000007
2025-08-20T10:25:14.307Z,1755685514307,15.522784000000007
2025-08-20T10:25:19.308Z,1755685519308,15.525578000000007
2025-08-20T10:25:19.308Z,1755685519308,15.528768000000007
2025-08-20T10:25:24.326Z,1755685524326,15.531958000000007
2025-08-20T10:25:29.334Z,1755685529334,15.536116000000007
2025-08-20T10:25:34.343Z,1755685534343,15.539020000000008
2025-08-20T10:25:39.349Z,1755685539349,15.541616000000007
2025-08-20T10:25:44.355Z,1755685544355,15.542496000000005
2025-08-20T10:25:49.365Z,1755685549365,15.544872000000005
2025-08-20T10:25:54.374Z,1755685554374,15.545928000000004
2025-08-20T10:25:59.390Z,1755685559390,15.548018000000004
2025-08-20T10:26:04.352Z,1755685564352,15.550614000000005
2025-08-20T10:26:09.362Z,1755685569362,15.553540000000005
2025-08-20T10:26:14.375Z,1755685574375,15.556576000000005
2025-08-20T10:26:19.388Z,1755685579388,15.559898000000006
2025-08-20T10:26:24.395Z,1755685584395,15.563286000000007
2025-08-20T10:26:29.408Z,1755685589408,15.567752000000008
2025-08-20T10:26:34.420Z,1755685594420,15.571536000000007
2025-08-20T10:26:39.298Z,1755685599298,15.57510000000001
2025-08-20T10:26:44.305Z,1755685604305,15.577476000000011
2025-08-20T10:26:49.315Z,1755685609315,15.579786000000011
2025-08-20T10:26:54.328Z,1755685614328,15.40946200000001
2025-08-20T10:26:59.336Z,1755685619336,15.239556000000011
2025-08-20T10:27:04.322Z,1755685624322,15.23957800000001
2025-08-20T10:27:24.369Z,1755685644369,15.239600000000012
2025-08-20T10:27:29.354Z,1755685649354,15.23957800000001
2025-08-20T10:28:14.337Z,1755685694337,15.239600000000012
2025-08-20T10:28:19.351Z,1755685699351,15.239600000000012
2025-08-20T10:29:09.338Z,1755685749338,15.239644000000013
2025-08-20T10:29:14.331Z,1755685754331,15.23966600000001
2025-08-20T10:29:19.329Z,1755685759329,15.239688000000012
2025-08-20T10:29:24.325Z,1755685764325,15.238412000000013
2025-08-20T10:29:29.349Z,1755685769349,15.067978000000014
2025-08-20T10:29:39.358Z,1755685779358,14.897962000000016
2025-08-20T10:29:44.383Z,1755685784383,14.727836000000016
2025-08-20T10:30:54.374Z,1755685854374,14.557996000000017
2025-08-20T10:31:04.365Z,1755685864365,14.388508000000016
2025-08-20T10:31:14.377Z,1755685874377,14.218712000000016
2025-08-20T10:31:14.377Z,1755685874377,14.048146000000017
2025-08-20T10:31:19.405Z,1755685879405,13.878152000000018
2025-08-20T10:31:19.405Z,1755685879405,13.707036000000018
2025-08-20T10:31:44.325Z,1755685904325,13.536602000000022
2025-08-20T10:31:59.348Z,1755685919348,13.367070000000021
2025-08-20T10:32:34.403Z,1755685954403,13.197670000000024
2025-08-20T10:32:39.418Z,1755685959418,13.027566000000022
2025-08-20T10:34:09.310Z,1755686049310,12.857858000000023
2025-08-20T10:34:14.314Z,1755686054314,12.688810000000023
2025-08-20T10:34:59.362Z,1755686099362,12.518244000000024
2025-08-20T10:35:04.369Z,1755686104369,12.347810000000024
2025-08-20T10:36:09.304Z,1755686169304,12.178454000000027
2025-08-20T10:36:14.313Z,1755686174313,12.008680000000027
2025-08-20T10:37:04.389Z,1755686224389,11.838246000000028
2025-08-20T10:37:09.400Z,1755686229400,11.66763600000003
2025-08-20T10:37:09.400Z,1755686229400,11.49872000000003
2025-08-20T10:37:19.414Z,1755686239414,11.328550000000032
2025-08-20T10:37:19.414Z,1755686239414,11.158094000000032
2025-08-20T10:37:24.421Z,1755686244421,10.987748000000034
2025-08-20T10:38:04.370Z,1755686284370,10.817578000000035
2025-08-20T10:38:09.381Z,1755686289381,10.647232000000036
2025-08-20T10:38:29.376Z,1755686309376,10.476622000000036
2025-08-20T10:38:44.409Z,1755686324409,10.306826000000035
2025-08-20T10:39:19.332Z,1755686359332,10.136524000000035
2025-08-20T10:39:29.349Z,1755686369349,9.967014000000036
2025-08-20T10:39:34.357Z,1755686374357,9.797042000000035
2025-08-20T10:39:39.362Z,1755686379362,9.627004000000035
2025-08-20T10:40:09.396Z,1755686409396,9.457494000000034
2025-08-20T10:40:14.365Z,1755686414365,9.287940000000035
2025-08-20T10:40:19.373Z,1755686419373,9.118210000000033
2025-08-20T10:40:24.377Z,1755686424377,8.949162000000033
2025-08-20T10:41:04.356Z,1755686464356,8.779278000000032
2025-08-20T10:41:09.318Z,1755686469318,8.609130000000032
2025-08-20T10:41:14.326Z,1755686474326,8.439356000000032
2025-08-20T10:41:19.348Z,1755686479348,8.269648000000032
2025-08-20T10:41:29.364Z,1755686489364,8.099962000000032
2025-08-20T10:41:34.371Z,1755686494371,7.930804000000031
2025-08-20T10:42:24.304Z,1755686544304,7.759446000000031
2025-08-20T10:42:29.414Z,1755686549414,7.590024000000031
2025-08-20T10:43:09.331Z,1755686589331,7.42099800000003
2025-08-20T10:43:14.340Z,1755686594340,7.251290000000029
2025-08-20T10:43:14.340Z,1755686594340,7.08208800000003
2025-08-20T10:43:54.401Z,1755686634401,6.91233600000003
2025-08-20T10:43:54.401Z,1755686634401,6.7435960000000295
2025-08-20T10:43:59.410Z,1755686639410,6.574196000000029
2025-08-20T10:44:04.421Z,1755686644421,6.404048000000029
2025-08-20T10:44:09.392Z,1755686649392,6.233724000000028
2025-08-20T10:44:19.311Z,1755686659311,6.063972000000028
2025-08-20T10:44:49.337Z,1755686689337,5.893076000000028
2025-08-20T10:44:59.362Z,1755686699362,5.720244000000028
2025-08-20T10:45:04.376Z,1755686704376,5.547082000000028
2025-08-20T10:45:09.348Z,1755686709348,5.374382000000028
2025-08-20T10:45:14.361Z,1755686714361,5.202386000000027
2025-08-20T10:45:24.378Z,1755686724378,5.029422000000028
2025-08-20T10:45:29.390Z,1755686729390,4.856590000000027
2025-08-20T10:45:34.399Z,1755686734399,4.684616000000027
2025-08-20T10:45:49.303Z,1755686749303,4.511762000000027
2025-08-20T10:45:54.313Z,1755686754313,4.339040000000026
2025-08-20T10:46:09.322Z,1755686769322,4.1660980000000265
2025-08-20T10:46:14.329Z,1755686774329,3.9932220000000256
2025-08-20T10:46:49.368Z,1755686809368,3.820126000000026
2025-08-20T10:46:54.378Z,1755686814378,3.6473600000000257
2025-08-20T10:46:59.390Z,1755686819390,3.4746160000000255
2025-08-20T10:47:04.383Z,1755686824383,3.301212000000025
2025-08-20T10:47:19.387Z,1755686839387,3.1278300000000248
2025-08-20T10:47:24.293Z,1755686844293,2.954822000000024
2025-08-20T10:47:29.406Z,1755686849406,2.780714000000024
2025-08-20T10:47:34.315Z,1755686854315,2.607926000000024
2025-08-20T10:47:44.344Z,1755686864344,2.4349840000000236
2025-08-20T10:47:54.368Z,1755686874368,2.2625480000000238
2025-08-20T10:48:39.380Z,1755686919380,2.0892980000000234
2025-08-20T10:48:54.403Z,1755686934403,1.9167960000000235
2025-08-20T10:48:59.315Z,1755686939315,1.7444480000000235
2025-08-20T10:49:04.327Z,1755686944327,1.5711980000000236
2025-08-20T10:49:14.345Z,1755686954345,1.3976180000000236
2025-08-20T10:49:14.345Z,1755686954345,1.2249400000000235
2025-08-20T10:49:19.353Z,1755686959353,1.0517560000000234
2025-08-20T10:49:19.353Z,1755686959353,0.8785280000000235
2025-08-20T10:49:24.363Z,1755686964363,0.7052560000000235
2025-08-20T10:49:29.373Z,1755686969373,0.5318520000000235
2025-08-20T10:49:59.394Z,1755686999394,0.35915200000002356
2025-08-20T10:50:04.404Z,1755687004404,0.18693600000002356
2025-08-20T10:50:39.310Z,1755687039310,0.014830000000023524
2025-08-20T10:50:44.317Z,1755687044317,0.014830000000023524
2025-08-20T10:51:09.372Z,1755687069372,0.014830000000023524
2025-08-20T10:51:14.344Z,1755687074344,0.014830000000023524
2025-08-20T10:52:04.306Z,1755687124306,0.014830000000023524
2025-08-20T10:52:09.315Z,1755687129315,0.014830000000023524
2025-08-20T10:52:19.336Z,1755687139336,0.014830000000023524
2025-08-20T10:52:24.350Z,1755687144350,0.014830000000023524
2025-08-20T10:53:19.378Z,1755687199378,0.014830000000023524
2025-08-20T10:53:24.390Z,1755687204390,0.014830000000023524
2025-08-20T10:53:44.335Z,1755687224335,0.014830000000023524
2025-08-20T10:53:49.345Z,1755687229345,0.014830000000023524
2025-08-20T10:54:49.413Z,1755687289413,0.014830000000023524
2025-08-20T10:54:54.418Z,1755687294418,0.014852000000023523
2025-08-20T10:55:04.391Z,1755687304391,0.014874000000023525
2025-08-20T10:55:09.402Z,1755687309402,0.014852000000023523
2025-08-20T10:55:09.402Z,1755687309402,0.014852000000023523
2025-08-20T10:55:19.418Z,1755687319418,0.014852000000023523
2025-08-20T10:55:19.418Z,1755687319418,0.014852000000023523
2025-08-20T10:55:24.336Z,1755687324336,0.014852000000023523
2025-08-20T10:55:44.325Z,1755687344325,0.016150000000023524
2025-08-20T10:55:49.334Z,1755687349334,0.19008200000002357
2025-08-20T10:55:54.342Z,1755687354342,0.3631120000000236
2025-08-20T10:55:59.362Z,1755687359362,0.5350640000000236
2025-08-20T10:56:04.374Z,1755687364374,0.7067520000000236
2025-08-20T10:56:09.386Z,1755687369386,0.8788140000000236
2025-08-20T10:56:14.351Z,1755687374351,1.0524820000000235
2025-08-20T10:56:19.360Z,1755687379360,1.2258860000000236
2025-08-20T10:56:24.366Z,1755687384366,1.2259080000000235
2025-08-20T10:56:29.375Z,1755687389375,1.2258860000000236
2025-08-20T10:56:39.395Z,1755687399395,1.2259080000000235
2025-08-20T10:56:44.405Z,1755687404405,1.2258860000000236
2025-08-20T10:56:59.416Z,1755687419416,1.2259080000000235
2025-08-20T10:57:09.342Z,1755687429342,1.2259080000000235
2025-08-20T10:57:29.346Z,1755687449346,1.2258640000000236
2025-08-20T10:57:34.355Z,1755687454355,1.2258420000000236
2025-08-20T10:57:49.383Z,1755687469383,1.2258640000000236
2025-08-20T10:57:54.359Z,1755687474359,1.2258860000000236
2025-08-20T10:58:39.391Z,1755687519391,1.2259080000000235
2025-08-20T10:58:49.313Z,1755687529313,1.2258860000000236
2025-08-20T10:58:59.343Z,1755687539343,1.2259080000000235
2025-08-20T10:59:04.349Z,1755687544349,1.2258860000000236
2025-08-20T10:59:29.395Z,1755687569395,1.2259080000000235
2025-08-20T10:59:44.395Z,1755687584395,1.2258860000000236
2025-08-20T10:59:49.405Z,1755687589405,1.2259080000000235
2025-08-20T10:59:54.415Z,1755687594415,1.2259300000000237
2025-08-20T11:00:09.298Z,1755687609298,1.2259520000000237
2025-08-20T11:00:14.307Z,1755687614307,1.2259300000000237
2025-08-20T11:00:24.324Z,1755687624324,1.2259520000000237
2025-08-20T11:00:29.340Z,1755687629340,1.2259740000000237
2025-08-20T11:00:44.374Z,1755687644374,1.2259960000000236
2025-08-20T11:00:54.350Z,1755687654350,1.2259740000000237
2025-08-20T11:01:14.389Z,1755687674389,1.2259960000000236
2025-08-20T11:01:14.389Z,1755687674389,1.2260400000000238
2025-08-20T11:01:24.412Z,1755687684412,1.2260400000000238
2025-08-20T11:01:24.412Z,1755687684412,1.2260180000000238
2025-08-20T11:01:49.320Z,1755687709320,1.2260400000000238
2025-08-20T11:01:54.326Z,1755687714326,1.2260180000000238
2025-08-20T11:02:29.365Z,1755687749365,1.2260400000000238
2025-08-20T11:02:39.383Z,1755687759383,1.2260400000000238
2025-08-20T11:02:59.326Z,1755687779326,1.2260400000000238
2025-08-20T11:03:04.338Z,1755687784338,1.2260180000000238
2025-08-20T11:03:44.364Z,1755687824364,1.2260620000000237
2025-08-20T11:03:49.370Z,1755687829370,1.2260620000000237
2025-08-20T11:03:54.385Z,1755687834385,1.2260620000000237
2025-08-20T11:03:59.392Z,1755687839392,1.2260620000000237
2025-08-20T11:04:14.416Z,1755687854416,1.2260180000000238
2025-08-20T11:04:19.425Z,1755687859425,1.2260180000000238
2025-08-20T11:04:39.321Z,1755687879321,1.2260180000000238
2025-08-20T11:04:44.333Z,1755687884333,1.2260180000000238
2025-08-20T11:04:59.360Z,1755687899360,1.2260180000000238
2025-08-20T11:05:04.371Z,1755687904371,1.2260180000000238
2025-08-20T11:05:24.400Z,1755687924400,1.2260180000000238
2025-08-20T11:05:34.376Z,1755687934376,1.2260180000000238
2025-08-20T11:05:44.398Z,1755687944398,1.2260180000000238
2025-08-20T11:05:54.391Z,1755687954391,1.2260180000000238
2025-08-20T11:06:09.323Z,1755687969323,1.2260180000000238
2025-08-20T11:06:14.338Z,1755687974338,1.2260180000000238
2025-08-20T11:06:44.346Z,1755688004346,1.2260180000000238
2025-08-20T11:06:49.353Z,1755688009353,1.2260180000000238
2025-08-20T11:07:09.391Z,1755688029391,1.2260180000000238
2025-08-20T11:07:14.402Z,1755688034402,1.2260180000000238
2025-08-20T11:07:14.402Z,1755688034402,1.2259960000000236
2025-08-20T11:07:24.417Z,1755688044417,1.2260180000000238
2025-08-20T11:07:24.417Z,1755688044417,1.2260180000000238
2025-08-20T11:07:29.428Z,1755688049428,1.2260180000000238
2025-08-20T11:07:49.327Z,1755688069327,1.2260180000000238
2025-08-20T11:07:54.345Z,1755688074345,1.2260180000000238
2025-08-20T11:08:14.385Z,1755688094385,1.2259740000000237
2025-08-20T11:08:19.352Z,1755688099352,1.2259740000000237
2025-08-20T11:08:44.406Z,1755688124406,1.2259740000000237
2025-08-20T11:08:49.379Z,1755688129379,1.2259740000000237
2025-08-20T11:08:54.386Z,1755688134386,1.2259740000000237
2025-08-20T11:08:59.409Z,1755688139409,1.2259520000000237
2025-08-20T11:09:09.430Z,1755688149430,1.2259740000000237
2025-08-20T11:09:14.335Z,1755688154335,1.2259740000000237
2025-08-20T11:10:39.321Z,1755688239321,1.2259740000000237
2025-08-20T11:10:44.330Z,1755688244330,1.2259740000000237
2025-08-20T11:11:14.388Z,1755688274388,1.2259300000000237
2025-08-20T11:11:19.391Z,1755688279391,1.2259300000000237
2025-08-20T11:12:19.372Z,1755688339372,1.2259300000000237
2025-08-20T11:12:24.387Z,1755688344387,1.2259300000000237
2025-08-20T11:13:14.317Z,1755688394317,1.2259300000000237
2025-08-20T11:13:14.317Z,1755688394317,1.2259520000000237
2025-08-20T11:13:19.328Z,1755688399328,1.2259080000000235
2025-08-20T11:13:19.328Z,1755688399328,1.2258860000000236
2025-08-20T11:13:24.336Z,1755688404336,1.2258860000000236
2025-08-20T11:13:29.345Z,1755688409345,1.2258860000000236
2025-08-20T11:14:09.389Z,1755688449389,1.2258860000000236
2025-08-20T11:14:14.397Z,1755688454397,1.2258860000000236
2025-08-20T11:14:39.347Z,1755688479347,1.2258860000000236
2025-08-20T11:14:49.343Z,1755688489343,1.2258640000000236
2025-08-20T11:14:54.348Z,1755688494348,1.2258420000000236
2025-08-20T11:15:49.388Z,1755688549388,1.2258640000000236
2025-08-20T11:15:54.396Z,1755688554396,1.2258420000000236
2025-08-20T11:16:04.416Z,1755688564416,1.2258640000000236
2025-08-20T11:16:09.426Z,1755688569426,1.2258640000000236
2025-08-20T11:16:14.335Z,1755688574335,1.2258640000000236
2025-08-20T11:16:19.351Z,1755688579351,1.2258420000000236
2025-08-20T11:16:39.352Z,1755688599352,1.2258640000000236
2025-08-20T11:16:44.360Z,1755688604360,1.2245660000000236
2025-08-20T11:17:39.427Z,1755688659427,1.0506340000000236
2025-08-20T11:17:44.441Z,1755688664441,0.8776040000000236
2025-08-20T11:18:29.360Z,1755688709360,0.7056520000000236
2025-08-20T11:18:39.386Z,1755688719386,0.5339640000000236
2025-08-20T11:18:54.416Z,1755688734416,0.3619460000000236
2025-08-20T11:18:59.436Z,1755688739436,0.1882780000000236
2025-08-20T11:18:59.436Z,1755688739436,0.014896000000023583
2025-08-20T11:19:34.330Z,1755688774330,0.014896000000023583
2025-08-20T11:19:34.330Z,1755688774330,0.014918000000023584
2025-08-20T11:19:39.341Z,1755688779341,0.014896000000023583
2025-08-20T11:19:44.353Z,1755688784353,0.014918000000023584
2025-08-20T11:19:49.363Z,1755688789363,0.014896000000023583
2025-08-20T11:20:19.389Z,1755688819389,0.014918000000023584
2025-08-20T11:20:24.400Z,1755688824400,0.014940000000023584
2025-08-20T11:20:44.405Z,1755688844405,0.014962000000023583
2025-08-20T11:20:49.411Z,1755688849411,0.014940000000023584
2025-08-20T11:20:54.428Z,1755688854428,0.014918000000023584
2025-08-20T11:20:59.439Z,1755688859439,0.014896000000023583
2025-08-20T11:21:14.428Z,1755688874428,0.014918000000023584
2025-08-20T11:21:19.334Z,1755688879334,0.014896000000023583
2025-08-20T11:21:24.342Z,1755688884342,0.014918000000023584
2025-08-20T11:21:34.368Z,1755688894368,0.014896000000023583
2025-08-20T11:21:44.388Z,1755688904388,0.014918000000023584
2025-08-20T11:21:54.373Z,1755688914373,0.014896000000023583
2025-08-20T11:22:54.358Z,1755688974358,0.014918000000023584
2025-08-20T11:22:59.370Z,1755688979370,0.014896000000023583
2025-08-20T11:23:29.380Z,1755689009380,0.016150000000023586
2025-08-20T11:23:39.393Z,1755689019393,0.1890920000000236
2025-08-20T11:23:44.402Z,1755689024402,0.3619680000000236
2025-08-20T11:23:49.412Z,1755689029412,0.5344040000000236
2025-08-20T11:23:54.422Z,1755689034422,0.7075660000000237
2025-08-20T11:23:59.436Z,1755689039436,0.8802660000000236
2025-08-20T11:24:04.349Z,1755689044349,1.0525260000000236
2025-08-20T11:24:09.325Z,1755689049325,1.2238840000000237
2025-08-20T11:24:14.334Z,1755689054334,1.3958800000000235
2025-08-20T11:24:19.349Z,1755689059349,1.5673920000000237
2025-08-20T11:24:24.358Z,1755689064358,1.7389480000000237
2025-08-20T11:24:29.363Z,1755689069363,1.9105920000000236
2025-08-20T11:24:34.373Z,1755689074373,2.0823020000000234
2025-08-20T11:24:39.380Z,1755689079380,2.2529780000000237
2025-08-20T11:24:44.393Z,1755689084393,2.425326000000024
2025-08-20T11:24:49.402Z,1755689089402,2.5963100000000243
2025-08-20T11:24:54.377Z,1755689094377,2.7685480000000244
2025-08-20T11:24:59.391Z,1755689099391,2.9405660000000244
2025-08-20T11:25:04.398Z,1755689104398,3.114872000000025
2025-08-20T11:25:09.411Z,1755689109411,3.2871760000000245
2025-08-20T11:25:14.417Z,1755689114417,3.461262000000025
2025-08-20T11:25:14.417Z,1755689114417,3.635326000000025
2025-08-20T11:25:19.422Z,1755689119422,3.807828000000025
2025-08-20T11:25:19.422Z,1755689119422,3.980308000000025
2025-08-20T11:25:24.329Z,1755689124329,4.153030000000026
2025-08-20T11:25:29.339Z,1755689129339,4.325246000000026
2025-08-20T11:25:34.349Z,1755689134349,4.498562000000026
2025-08-20T11:25:39.366Z,1755689139366,4.671328000000027
2025-08-20T11:25:49.350Z,1755689149350,4.671328000000027
2025-08-20T11:25:54.361Z,1755689154361,4.671328000000027
2025-08-20T11:25:59.368Z,1755689159368,4.671328000000027
2025-08-20T11:27:34.354Z,1755689254354,4.671328000000027
2025-08-20T11:27:39.365Z,1755689259365,4.671328000000027
2025-08-20T11:27:44.377Z,1755689264377,4.671328000000027
2025-08-20T11:27:49.385Z,1755689269385,4.671328000000027
2025-08-20T11:28:14.392Z,1755689294392,4.671350000000027
2025-08-20T11:28:24.408Z,1755689304408,4.671328000000027
2025-08-20T11:28:34.427Z,1755689314427,4.671328000000027
2025-08-20T11:28:39.435Z,1755689319435,4.671328000000027
2025-08-20T11:28:59.343Z,1755689339343,4.671328000000027
2025-08-20T11:29:04.349Z,1755689344349,4.671328000000027
2025-08-20T11:29:44.390Z,1755689384390,4.6713720000000265
2025-08-20T11:29:49.403Z,1755689389403,4.6713720000000265
2025-08-20T11:30:09.326Z,1755689409326,4.672626000000026
2025-08-20T11:30:14.338Z,1755689414338,4.673880000000026
2025-08-20T11:30:19.355Z,1755689419355,4.848230000000027
2025-08-20T11:30:24.368Z,1755689424368,5.023130000000027
2025-08-20T11:30:29.379Z,1755689429379,5.196930000000027
2025-08-20T11:30:34.356Z,1755689434356,5.371038000000027
2025-08-20T11:30:39.370Z,1755689439370,5.544420000000027
2025-08-20T11:30:44.390Z,1755689444390,5.717692000000028
2025-08-20T11:30:49.395Z,1755689449395,5.890172000000028
2025-08-20T11:30:54.402Z,1755689454402,6.064544000000029
2025-08-20T11:30:59.412Z,1755689459412,6.236782000000029
2025-08-20T11:31:04.418Z,1755689464418,6.4097460000000295
2025-08-20T11:31:09.434Z,1755689469434,6.58213800000003
2025-08-20T11:31:14.413Z,1755689474413,6.754860000000029
2025-08-20T11:31:14.413Z,1755689474413,6.927626000000029
2025-08-20T11:31:19.420Z,1755689479420,7.10166800000003
2025-08-20T11:31:19.420Z,1755689479420,7.27566600000003
2025-08-20T11:31:24.426Z,1755689484426,7.448938000000031
2025-08-20T11:31:29.348Z,1755689489348,7.621220000000031
2025-08-20T11:31:34.366Z,1755689494366,7.7942280000000315
2025-08-20T11:31:39.373Z,1755689499373,7.966686000000031
2025-08-20T11:31:44.334Z,1755689504334,8.140530000000032
2025-08-20T11:31:49.341Z,1755689509341,8.313714000000031
2025-08-20T11:31:54.348Z,1755689514348,8.487008000000031
2025-08-20T11:31:59.356Z,1755689519356,8.658168000000032
2025-08-20T11:32:04.375Z,1755689524375,8.831836000000031
2025-08-20T11:32:09.383Z,1755689529383,9.003964000000032
2025-08-20T11:32:14.392Z,1755689534392,9.17666400000003
2025-08-20T11:32:19.411Z,1755689539411,9.17666400000003
2025-08-20T11:32:24.379Z,1755689544379,9.17666400000003
2025-08-20T11:32:29.396Z,1755689549396,9.176642000000031
2025-08-20T11:32:34.405Z,1755689554405,9.176620000000032
2025-08-20T11:33:09.379Z,1755689589379,9.176642000000031
2025-08-20T11:33:14.350Z,1755689594350,9.176620000000032
2025-08-20T11:33:19.363Z,1755689599363,9.176642000000031
2025-08-20T11:33:24.377Z,1755689604377,9.176620000000032
2025-08-20T11:34:04.420Z,1755689644420,9.176642000000031
2025-08-20T11:34:09.334Z,1755689649334,9.176642000000031
2025-08-20T11:34:44.380Z,1755689684380,9.176642000000031
2025-08-20T11:34:49.359Z,1755689689359,9.176620000000032
2025-08-20T11:35:19.417Z,1755689719417,9.176642000000031
2025-08-20T11:35:29.342Z,1755689729342,9.176620000000032
2025-08-20T11:35:44.333Z,1755689744333,9.176642000000031
2025-08-20T11:35:49.345Z,1755689749345,9.176620000000032
2025-08-20T11:35:54.351Z,1755689754351,9.176642000000031
2025-08-20T11:35:59.357Z,1755689759357,9.176620000000032
2025-08-20T11:36:29.376Z,1755689789376,9.17659800000003
2025-08-20T11:36:39.415Z,1755689799415,9.176620000000032
2025-08-20T11:36:44.400Z,1755689804400,9.176642000000031
2025-08-20T11:36:49.412Z,1755689809412,9.176620000000032
2025-08-20T11:36:49.412Z,1755689809412,9.176620000000032
2025-08-20T11:37:34.335Z,1755689854335,9.176620000000032
2025-08-20T11:37:34.335Z,1755689854335,9.176642000000031
2025-08-20T11:37:39.350Z,1755689859350,9.176620000000032
2025-08-20T11:37:49.369Z,1755689869369,9.176642000000031
2025-08-20T11:38:04.390Z,1755689884390,9.176620000000032
2025-08-20T11:38:54.416Z,1755689934416,9.17659800000003
2025-08-20T11:38:59.328Z,1755689939328,9.175344000000031
2025-08-20T11:39:24.355Z,1755689964355,9.00235800000003
2025-08-20T11:39:29.354Z,1755689969354,8.82948200000003
2025-08-20T11:40:29.416Z,1755690029416,8.657002000000029
2025-08-20T11:40:34.329Z,1755690034329,8.48384000000003
2025-08-20T11:40:54.378Z,1755690054378,8.31114000000003
2025-08-20T11:40:59.390Z,1755690059390,8.13885800000003
2025-08-20T11:41:09.375Z,1755690069375,7.96752200000003
2025-08-20T11:41:14.382Z,1755690074382,7.795526000000029
2025-08-20T11:41:24.402Z,1755690084402,7.623970000000029
2025-08-20T11:41:29.425Z,1755690089425,7.4524140000000285
2025-08-20T11:42:14.387Z,1755690134387,7.280726000000028
2025-08-20T11:42:24.409Z,1755690144409,7.109016000000028
2025-08-20T11:43:09.429Z,1755690189429,6.938340000000028
2025-08-20T11:43:14.443Z,1755690194443,6.765992000000027
2025-08-20T11:43:14.443Z,1755690194443,6.594986000000027
2025-08-20T11:43:34.353Z,1755690214353,6.422770000000027
2025-08-20T11:43:34.353Z,1755690214353,6.250752000000027
2025-08-20T11:43:44.370Z,1755690224370,6.076446000000027
2025-08-20T11:44:39.430Z,1755690279430,5.904186000000027
2025-08-20T11:44:44.341Z,1755690284341,5.730100000000027
2025-08-20T11:44:54.364Z,1755690294364,5.556036000000027
2025-08-20T11:44:59.375Z,1755690299375,5.383534000000027
2025-08-20T11:45:49.403Z,1755690349403,5.2110540000000265
2025-08-20T11:45:54.419Z,1755690354419,5.038332000000026
2025-08-20T11:46:04.433Z,1755690364433,4.866116000000026
2025-08-20T11:46:09.341Z,1755690369341,4.692800000000025
2025-08-20T11:46:39.357Z,1755690399357,4.520034000000025
2025-08-20T11:46:44.363Z,1755690404363,4.520034000000025
2025-08-20T11:46:59.400Z,1755690419400,4.520034000000025
2025-08-20T11:47:04.408Z,1755690424408,4.520034000000025
2025-08-20T11:47:14.422Z,1755690434422,4.520034000000025
2025-08-20T11:47:19.430Z,1755690439430,4.520034000000025
2025-08-20T11:47:39.327Z,1755690459327,4.520034000000025
2025-08-20T11:47:44.336Z,1755690464336,4.520034000000025
2025-08-20T11:47:59.386Z,1755690479386,4.520034000000025
2025-08-20T11:48:04.363Z,1755690484363,4.520034000000025
2025-08-20T11:48:14.379Z,1755690494379,4.520034000000025
2025-08-20T11:48:19.389Z,1755690499389,4.520034000000025
2025-08-20T11:48:29.407Z,1755690509407,4.519990000000025
2025-08-20T11:48:34.425Z,1755690514425,4.519990000000025
2025-08-20T11:48:34.425Z,1755690514425,4.519968000000025
2025-08-20T11:49:29.353Z,1755690569353,4.519990000000025
2025-08-20T11:49:29.353Z,1755690569353,4.518736000000025
2025-08-20T11:49:34.369Z,1755690574369,4.517482000000025
2025-08-20T11:49:49.395Z,1755690589395,4.343132000000025
2025-08-20T11:49:59.400Z,1755690599400,4.168232000000025
2025-08-20T11:50:04.409Z,1755690604409,3.994388000000025
2025-08-20T11:50:14.400Z,1755690614400,3.8202800000000248
2025-08-20T11:50:39.448Z,1755690639448,3.646898000000024
2025-08-20T11:50:44.465Z,1755690644465,3.4736260000000243
2025-08-20T11:50:59.349Z,1755690659349,3.301190000000024
2025-08-20T11:51:04.363Z,1755690664363,3.126818000000024
2025-08-20T11:51:14.385Z,1755690674385,2.9545800000000235
2025-08-20T11:51:19.350Z,1755690679350,2.7816160000000236
2025-08-20T11:51:29.366Z,1755690689366,2.6091800000000234
2025-08-20T11:51:34.385Z,1755690694385,2.436436000000023
2025-08-20T11:51:44.415Z,1755690704415,2.2637140000000233
2025-08-20T11:51:49.378Z,1755690709378,2.0896940000000233
2025-08-20T11:52:29.378Z,1755690749378,1.9156960000000232
2025-08-20T11:52:34.341Z,1755690754341,1.742424000000023
2025-08-20T11:52:59.395Z,1755690779395,1.5701420000000228
2025-08-20T11:53:04.373Z,1755690784373,1.3971340000000227
2025-08-20T11:53:39.437Z,1755690819437,1.2246760000000227
2025-08-20T11:53:44.444Z,1755690824444,1.0508320000000226
2025-08-20T11:53:49.352Z,1755690829352,0.8776480000000226
2025-08-20T11:54:09.351Z,1755690849351,0.7043100000000225
2025-08-20T11:54:14.367Z,1755690854367,0.5331500000000226
2025-08-20T11:55:14.345Z,1755690914345,0.3594820000000226
2025-08-20T11:55:14.345Z,1755690914345,0.1873760000000226
2025-08-20T11:55:19.358Z,1755690919358,0.014654000000022585
2025-08-20T11:55:19.358Z,1755690919358,0.014654000000022585
2025-08-20T11:55:49.384Z,1755690949384,0.014654000000022585
2025-08-20T11:55:54.408Z,1755690954408,0.014676000000022584
2025-08-20T11:56:29.427Z,1755690989427,0.014654000000022585
2025-08-20T11:56:34.444Z,1755690994444,0.014632000000022585
2025-08-20T11:56:44.429Z,1755691004429,0.014654000000022585
2025-08-20T11:56:49.336Z,1755691009336,0.014632000000022585
2025-08-20T11:56:54.350Z,1755691014350,0.014610000000022584
2025-08-20T11:56:59.352Z,1755691019352,0.014588000000022585
2025-08-20T11:57:04.368Z,1755691024368,0.014610000000022584
2025-08-20T11:57:14.390Z,1755691034390,0.014588000000022585
2025-08-20T11:57:39.428Z,1755691059428,0.014566000000022585
2025-08-20T11:57:44.446Z,1755691064446,0.014544000000022586
2025-08-20T11:59:14.422Z,1755691154422,0.014522000000022586
2025-08-20T11:59:19.438Z,1755691159438,0.014500000000022585
2025-08-20T11:59:29.419Z,1755691169419,0.014522000000022586
2025-08-20T11:59:34.428Z,1755691174428,0.014500000000022585
2025-08-20T12:00:04.395Z,1755691204395,0.014522000000022586
2025-08-20T12:00:09.403Z,1755691209403,0.014544000000022586
2025-08-20T12:00:09.403Z,1755691209403,0.014544000000022586
2025-08-20T12:01:34.405Z,1755691294405,0.014500000000022585
2025-08-20T12:01:34.405Z,1755691294405,0.014478000000022586
2025-08-20T12:01:39.375Z,1755691299375,0.014478000000022586
2025-08-20T12:02:04.430Z,1755691324430,0.014478000000022586
2025-08-20T12:02:09.441Z,1755691329441,0.014456000000022586
2025-08-20T12:03:09.360Z,1755691389360,0.014478000000022586
2025-08-20T12:03:14.383Z,1755691394383,0.014456000000022586
2025-08-20T12:03:29.415Z,1755691409415,0.014478000000022586
2025-08-20T12:03:34.422Z,1755691414422,0.014500000000022585
2025-08-20T12:03:44.450Z,1755691424450,0.014522000000022586
2025-08-20T12:03:49.417Z,1755691429417,0.014544000000022586
2025-08-20T12:04:09.355Z,1755691449355,0.014566000000022585
2025-08-20T12:04:14.365Z,1755691454365,0.014588000000022585
2025-08-20T12:04:49.394Z,1755691489394,0.014610000000022584
2025-08-20T12:04:54.409Z,1755691494409,0.014588000000022585
2025-08-20T12:05:29.346Z,1755691529346,0.014566000000022585
2025-08-20T12:05:34.350Z,1755691534350,0.014544000000022586
2025-08-20T12:06:29.436Z,1755691589436,0.014566000000022585
2025-08-20T12:06:34.450Z,1755691594450,0.014588000000022585
2025-08-20T12:06:39.437Z,1755691599437,0.015864000000022586
2025-08-20T12:06:44.350Z,1755691604350,0.017140000000022585
2025-08-20T12:06:49.358Z,1755691609358,0.1906320000000226
2025-08-20T12:06:54.367Z,1755691614367,0.36474000000002255
2025-08-20T12:06:59.376Z,1755691619376,0.5367800000000226
2025-08-20T12:07:04.386Z,1755691624386,0.7092600000000227
2025-08-20T12:07:09.395Z,1755691629395,0.8813440000000226
2025-08-20T12:07:14.402Z,1755691634402,1.0541100000000225
2025-08-20T12:07:14.402Z,1755691634402,1.2268980000000227
2025-08-20T12:07:19.410Z,1755691639410,1.3991580000000226
2025-08-20T12:07:19.410Z,1755691639410,1.5714400000000226
2025-08-20T12:07:24.412Z,1755691644412,1.7436560000000227
2025-08-20T12:07:29.425Z,1755691649425,1.916004000000023
2025-08-20T12:07:34.429Z,1755691654429,2.089056000000023
2025-08-20T12:07:39.435Z,1755691659435,2.261844000000023
2025-08-20T12:07:44.446Z,1755691664446,2.434720000000023
2025-08-20T12:07:49.451Z,1755691669451,2.6077940000000233
2025-08-20T12:07:54.470Z,1755691674470,2.7806700000000233
2025-08-20T12:07:59.344Z,1755691679344,2.955394000000024
2025-08-20T12:08:04.355Z,1755691684355,3.129040000000024
2025-08-20T12:08:09.365Z,1755691689365,3.302488000000024
2025-08-20T12:08:14.377Z,1755691694377,3.4751880000000246
2025-08-20T12:08:19.397Z,1755691699397,3.6472940000000245
2025-08-20T12:08:24.413Z,1755691704413,3.8201040000000246
2025-08-20T12:08:29.380Z,1755691709380,3.991814000000025
2025-08-20T12:08:34.396Z,1755691714396,4.163304000000025
2025-08-20T12:08:39.408Z,1755691719408,4.163304000000025
2025-08-20T12:09:09.437Z,1755691749437,4.163304000000025
2025-08-20T12:09:14.438Z,1755691754438,4.163304000000025
2025-08-20T12:10:04.405Z,1755691804405,4.163348000000025
2025-08-20T12:10:09.414Z,1755691809414,4.163348000000025
2025-08-20T12:10:34.436Z,1755691834436,4.164602000000025
2025-08-20T12:10:44.342Z,1755691844342,4.3376980000000245
2025-08-20T12:10:49.348Z,1755691849348,4.510002000000025
2025-08-20T12:10:54.362Z,1755691854362,4.681470000000026
2025-08-20T12:10:59.370Z,1755691859370,4.854522000000026
2025-08-20T12:11:04.380Z,1755691864380,5.0268260000000256
2025-08-20T12:11:09.388Z,1755691869388,5.199438000000026
2025-08-20T12:11:14.394Z,1755691874394,5.372094000000027
2025-08-20T12:11:19.404Z,1755691879404,5.544464000000026
2025-08-20T12:11:24.376Z,1755691884376,5.716284000000027
2025-08-20T12:11:29.380Z,1755691889380,5.888918000000027
2025-08-20T12:11:34.393Z,1755691894393,6.061596000000028
2025-08-20T12:11:39.403Z,1755691899403,6.233768000000029
2025-08-20T12:11:44.418Z,1755691904418,6.406116000000029
2025-08-20T12:11:49.427Z,1755691909427,6.57971800000003
2025-08-20T12:11:54.435Z,1755691914435,6.75263800000003
2025-08-20T12:11:59.444Z,1755691919444,6.92485400000003
2025-08-20T12:12:04.456Z,1755691924456,7.097972000000031
2025-08-20T12:12:09.362Z,1755691929362,7.269990000000031
2025-08-20T12:12:14.373Z,1755691934373,7.442316000000031
2025-08-20T12:12:19.383Z,1755691939383,7.615456000000031
2025-08-20T12:12:29.405Z,1755691949405,7.788420000000031
2025-08-20T12:12:34.418Z,1755691954418,7.961538000000032
2025-08-20T12:12:39.423Z,1755691959423,8.134392000000034
2025-08-20T12:12:44.429Z,1755691964429,8.134414000000033
2025-08-20T12:12:54.405Z,1755691974405,8.134436000000033
2025-08-20T12:13:14.443Z,1755691994443,8.134458000000034
2025-08-20T12:13:14.443Z,1755691994443,8.134458000000034
2025-08-20T12:13:19.469Z,1755691999469,8.134436000000033
2025-08-20T12:13:19.469Z,1755691999469,8.134436000000033
2025-08-20T12:13:39.382Z,1755692019382,8.134414000000033
2025-08-20T12:13:44.395Z,1755692024395,8.134392000000034
2025-08-20T12:13:54.381Z,1755692034381,8.134414000000033
2025-08-20T12:13:59.391Z,1755692039391,8.134436000000033
2025-08-20T12:14:09.395Z,1755692049395,8.134458000000034
2025-08-20T12:14:14.422Z,1755692054422,8.134436000000033
2025-08-20T12:14:24.434Z,1755692064434,8.134458000000034
2025-08-20T12:14:29.346Z,1755692069346,8.134480000000034
2025-08-20T12:15:04.388Z,1755692104388,8.134502000000033
2025-08-20T12:15:14.395Z,1755692114395,8.134480000000034
2025-08-20T12:15:44.348Z,1755692144348,8.134502000000033
2025-08-20T12:15:49.374Z,1755692149374,8.134524000000035
2025-08-20T12:16:44.439Z,1755692204439,8.134546000000034
2025-08-20T12:16:49.437Z,1755692209437,8.134568000000035
2025-08-20T12:16:54.454Z,1755692214454,8.134590000000035
2025-08-20T12:16:59.473Z,1755692219473,8.134568000000035
2025-08-20T12:17:24.383Z,1755692244383,8.134546000000034
2025-08-20T12:17:29.396Z,1755692249396,8.134546000000034
2025-08-20T12:17:34.414Z,1755692254414,8.134546000000034
2025-08-20T12:17:39.426Z,1755692259426,8.134568000000035
2025-08-20T12:17:44.396Z,1755692264396,8.134590000000035
2025-08-20T12:18:09.447Z,1755692289447,8.134634000000036
2025-08-20T12:18:14.459Z,1755692294459,8.134634000000036
2025-08-20T12:18:14.459Z,1755692294459,8.134612000000034
2025-08-20T12:19:29.451Z,1755692369451,8.134590000000035
2025-08-20T12:19:29.451Z,1755692369451,8.134546000000034
2025-08-20T12:19:34.435Z,1755692374435,8.134546000000034
2025-08-20T12:20:09.374Z,1755692409374,8.134546000000034
2025-08-20T12:20:14.379Z,1755692414379,8.134546000000034
2025-08-20T12:20:19.398Z,1755692419398,8.134546000000034
2025-08-20T12:20:24.405Z,1755692424405,8.134546000000034
2025-08-20T12:20:39.418Z,1755692439418,8.134546000000034
2025-08-20T12:20:44.431Z,1755692444431,8.134546000000034
2025-08-20T12:21:19.384Z,1755692479384,8.134546000000034
2025-08-20T12:21:24.370Z,1755692484370,8.134546000000034
2025-08-20T12:22:09.416Z,1755692529416,8.134546000000034
2025-08-20T12:22:14.421Z,1755692534421,8.134546000000034
2025-08-20T12:22:54.372Z,1755692574372,8.134546000000034
2025-08-20T12:22:59.385Z,1755692579385,8.134546000000034
2025-08-20T12:23:09.379Z,1755692589379,8.133292000000035
2025-08-20T12:23:14.393Z,1755692594393,8.132038000000033
2025-08-20T12:23:29.406Z,1755692609406,7.958568000000034
2025-08-20T12:23:34.415Z,1755692614415,7.784438000000034
2025-08-20T12:25:04.417Z,1755692704417,7.612420000000034
2025-08-20T12:25:09.440Z,1755692709440,7.439940000000033
2025-08-20T12:25:09.440Z,1755692709440,7.267834000000033
2025-08-20T12:25:29.365Z,1755692729365,7.095068000000033
2025-08-20T12:25:29.365Z,1755692729365,6.922302000000033
2025-08-20T12:25:34.375Z,1755692734375,6.750020000000032
2025-08-20T12:26:09.402Z,1755692769402,6.5777600000000325
2025-08-20T12:26:14.428Z,1755692774428,6.405522000000032
2025-08-20T12:26:19.417Z,1755692779417,6.233196000000032
2025-08-20T12:26:24.420Z,1755692784420,6.060122000000032
2025-08-20T12:26:29.436Z,1755692789436,5.887356000000032
2025-08-20T12:26:34.450Z,1755692794450,5.714458000000032
2025-08-20T12:27:09.386Z,1755692829386,5.541406000000031
2025-08-20T12:27:14.402Z,1755692834402,5.368508000000031
2025-08-20T12:27:34.405Z,1755692854405,5.1938060000000315
2025-08-20T12:27:39.436Z,1755692859436,5.020138000000031
2025-08-20T12:27:44.423Z,1755692864423,4.846712000000031
2025-08-20T12:27:49.435Z,1755692869435,4.673990000000031
2025-08-20T12:28:04.450Z,1755692884450,4.50186200000003
2025-08-20T12:28:09.436Z,1755692889436,4.32905200000003
2025-08-20T12:28:14.455Z,1755692894455,4.15734200000003
2025-08-20T12:28:29.390Z,1755692909390,3.98585200000003
2025-08-20T12:28:34.407Z,1755692914407,3.98583000000003
2025-08-20T12:28:39.372Z,1755692919372,3.98580800000003
2025-08-20T12:29:39.359Z,1755692979359,3.98583000000003
2025-08-20T12:29:44.366Z,1755692984366,3.98580800000003
2025-08-20T12:30:04.381Z,1755693004381,3.98583000000003
2025-08-20T12:30:09.398Z,1755693009398,3.9845760000000303
2025-08-20T12:30:14.379Z,1755693014379,3.81148000000003
2025-08-20T12:30:19.393Z,1755693019393,3.6391540000000298
2025-08-20T12:30:19.393Z,1755693019393,3.4676860000000294
2025-08-20T12:31:49.412Z,1755693109412,3.294634000000029
2025-08-20T12:31:49.412Z,1755693109412,3.122352000000029
2025-08-20T12:31:54.438Z,1755693114438,2.949762000000029
2025-08-20T12:32:44.385Z,1755693164385,2.777128000000029
2025-08-20T12:32:49.402Z,1755693169402,2.604736000000029
2025-08-20T12:33:24.462Z,1755693204462,2.432938000000029
2025-08-20T12:33:29.433Z,1755693209433,2.2602820000000285
2025-08-20T12:34:09.405Z,1755693249405,2.0875820000000287
2025-08-20T12:34:14.424Z,1755693254424,1.9153880000000287
2025-08-20T12:34:44.445Z,1755693284445,1.7430180000000288
2025-08-20T12:34:49.422Z,1755693289422,1.5694380000000288
2025-08-20T12:34:59.472Z,1755693299472,1.3965400000000288
2025-08-20T12:35:04.443Z,1755693304443,1.2243020000000286
2025-08-20T12:35:39.391Z,1755693339391,1.0512060000000287
2025-08-20T12:35:44.409Z,1755693344409,0.8791660000000285
2025-08-20T12:35:59.432Z,1755693359432,0.7068180000000285
2025-08-20T12:36:04.449Z,1755693364449,0.5336560000000286
2025-08-20T12:36:29.355Z,1755693389355,0.36067000000002847
2025-08-20T12:36:34.367Z,1755693394367,0.1875300000000285
2025-08-20T12:36:34.367Z,1755693394367,0.014698000000028487
2025-08-20T12:37:34.445Z,1755693454445,0.014698000000028487
2025-08-20T12:37:34.445Z,1755693454445,0.014720000000028486
2025-08-20T12:37:39.457Z,1755693459457,0.014698000000028487
2025-08-20T12:38:54.440Z,1755693534440,0.014654000000028486
2025-08-20T12:38:59.449Z,1755693539449,0.014654000000028486
2025-08-20T12:39:04.438Z,1755693544438,0.014676000000028486
2025-08-20T12:39:09.471Z,1755693549471,0.014698000000028487
2025-08-20T12:39:34.383Z,1755693574383,0.01595200000002849
2025-08-20T12:39:39.382Z,1755693579382,0.017162000000028488
2025-08-20T12:39:44.386Z,1755693584386,0.19056600000002852
2025-08-20T12:39:49.408Z,1755693589408,0.36485000000002854
2025-08-20T12:39:54.402Z,1755693594402,0.5384300000000286
2025-08-20T12:39:59.413Z,1755693599413,0.7113280000000286
2025-08-20T12:40:04.418Z,1755693604418,0.8846440000000285
2025-08-20T12:40:09.414Z,1755693609414,1.0570580000000285
2025-08-20T12:40:19.428Z,1755693619428,1.2299560000000285
2025-08-20T12:40:24.424Z,1755693624424,1.4034700000000289
2025-08-20T12:40:29.457Z,1755693629457,1.576632000000029
2025-08-20T12:40:34.441Z,1755693634441,1.7500140000000288
2025-08-20T12:40:39.437Z,1755693639437,1.9237700000000288
2025-08-20T12:40:44.452Z,1755693644452,2.097680000000029
2025-08-20T12:40:49.451Z,1755693649451,2.271040000000029
2025-08-20T12:40:54.473Z,1755693654473,2.444664000000029
2025-08-20T12:40:59.371Z,1755693659371,2.618530000000029
2025-08-20T12:41:04.405Z,1755693664405,2.7908560000000295
2025-08-20T12:41:09.387Z,1755693669387,2.9626540000000294
2025-08-20T12:41:14.382Z,1755693674382,3.13550800000003
2025-08-20T12:41:19.386Z,1755693679386,3.3082080000000302
2025-08-20T12:41:24.388Z,1755693684388,3.480688000000031
2025-08-20T12:41:29.422Z,1755693689422,3.653762000000031
2025-08-20T12:41:34.416Z,1755693694416,3.826330000000031
2025-08-20T12:41:39.437Z,1755693699437,3.999360000000031
2025-08-20T12:41:44.425Z,1755693704425,4.171400000000031
2025-08-20T12:41:49.439Z,1755693709439,4.345530000000031
2025-08-20T12:41:54.450Z,1755693714450,4.518230000000032
2025-08-20T12:41:59.431Z,1755693719431,4.691656000000032
2025-08-20T12:42:04.457Z,1755693724457,4.864796000000032
2025-08-20T12:42:09.457Z,1755693729457,5.037628000000032
2025-08-20T12:42:14.474Z,1755693734474,5.209338000000032
2025-08-20T12:42:19.353Z,1755693739353,5.382544000000032
2025-08-20T12:42:24.370Z,1755693744370,5.555090000000032
2025-08-20T12:42:29.375Z,1755693749375,5.728054000000032
2025-08-20T12:42:34.390Z,1755693754390,5.900468000000033
2025-08-20T12:42:39.383Z,1755693759383,6.073102000000033
2025-08-20T12:42:44.389Z,1755693764389,6.245692000000033
2025-08-20T12:42:49.413Z,1755693769413,6.418238000000033
2025-08-20T12:42:54.434Z,1755693774434,6.589508000000034
2025-08-20T12:42:59.416Z,1755693779416,6.762978000000033
2025-08-20T12:43:04.428Z,1755693784428,6.935216000000033
2025-08-20T12:43:09.433Z,1755693789433,7.107520000000034
2025-08-20T12:43:14.445Z,1755693794445,7.279758000000033
2025-08-20T12:43:14.445Z,1755693794445,7.451996000000033
2025-08-20T12:43:19.428Z,1755693799428,7.624740000000034
2025-08-20T12:43:19.428Z,1755693799428,7.797484000000034
2025-08-20T12:43:24.446Z,1755693804446,7.969766000000034
2025-08-20T12:43:29.469Z,1755693809469,8.142378000000035
2025-08-20T12:43:34.352Z,1755693814352,8.314308000000034
2025-08-20T12:43:39.377Z,1755693819377,8.486656000000034
2025-08-20T12:43:44.375Z,1755693824375,8.659312000000035
2025-08-20T12:43:49.375Z,1755693829375,8.831836000000035
2025-08-20T12:43:54.392Z,1755693834392,9.005284000000035
2025-08-20T12:44:04.416Z,1755693844416,9.177060000000035
2025-08-20T12:44:09.413Z,1755693849413,9.350618000000036
2025-08-20T12:44:14.431Z,1755693854431,9.523384000000036
2025-08-20T12:44:24.416Z,1755693864416,9.695336000000037
2025-08-20T12:44:29.429Z,1755693869429,9.867772000000036
2025-08-20T12:44:34.447Z,1755693874447,10.040098000000036
2025-08-20T12:44:39.458Z,1755693879458,10.211742000000037
2025-08-20T12:44:44.455Z,1755693884455,10.383144000000037
2025-08-20T12:44:49.441Z,1755693889441,10.555492000000037
2025-08-20T12:44:54.455Z,1755693894455,10.727202000000034
2025-08-20T12:44:59.383Z,1755693899383,10.899902000000033
2025-08-20T12:45:04.382Z,1755693904382,11.072008000000034
2025-08-20T12:45:09.384Z,1755693909384,11.245236000000034
2025-08-20T12:45:14.374Z,1755693914374,11.417584000000033
2025-08-20T12:45:19.384Z,1755693919384,11.590218000000032
2025-08-20T12:45:24.395Z,1755693924395,11.762478000000034
2025-08-20T12:45:29.389Z,1755693929389,11.934276000000033
2025-08-20T12:45:34.409Z,1755693934409,12.106338000000033
2025-08-20T12:45:39.430Z,1755693939430,12.278180000000031
2025-08-20T12:45:44.416Z,1755693944416,12.450220000000032
2025-08-20T12:45:49.415Z,1755693949415,12.621600000000031
2025-08-20T12:45:54.439Z,1755693954439,12.79280400000003
2025-08-20T12:45:59.429Z,1755693959429,12.96451400000003
2025-08-20T12:46:04.444Z,1755693964444,13.13615800000003
2025-08-20T12:46:09.434Z,1755693969434,13.30824200000003
2025-08-20T12:46:14.361Z,1755693974361,13.47979800000003
2025-08-20T12:46:19.474Z,1755693979474,13.65260800000003
2025-08-20T12:46:24.396Z,1755693984396,13.82596800000003
2025-08-20T12:46:29.380Z,1755693989380,13.998734000000029
2025-08-20T12:46:34.375Z,1755693994375,14.170928000000028
2025-08-20T12:46:39.395Z,1755693999395,14.342704000000028
2025-08-20T12:46:44.392Z,1755694004392,14.514898000000027
2025-08-20T12:46:49.413Z,1755694009413,14.686454000000026
2025-08-20T12:46:54.411Z,1755694014411,14.858340000000025
2025-08-20T12:46:59.420Z,1755694019420,15.030886000000026
2025-08-20T12:47:04.401Z,1755694024401,15.203212000000025
2025-08-20T12:47:14.440Z,1755694034440,15.375890000000025
2025-08-20T12:47:19.431Z,1755694039431,15.548502000000026
2025-08-20T12:47:24.449Z,1755694044449,15.721400000000026
2025-08-20T12:47:29.472Z,1755694049472,15.894386000000024
2025-08-20T12:47:34.443Z,1755694054443,16.066228000000024
2025-08-20T12:47:39.445Z,1755694059445,16.239280000000022
2025-08-20T12:47:44.468Z,1755694064468,16.41160600000002
2025-08-20T12:47:49.362Z,1755694069362,16.58404200000002
2025-08-20T12:47:54.372Z,1755694074372,16.75553200000002
2025-08-20T12:47:59.379Z,1755694079379,16.927440000000022
2025-08-20T12:48:04.411Z,1755694084411,17.09668600000002
2025-08-20T12:48:09.388Z,1755694089388,17.267450000000018
2025-08-20T12:48:14.409Z,1755694094409,17.26758200000002
2025-08-20T12:48:19.408Z,1755694099408,17.26621800000002
2025-08-20T12:48:24.420Z,1755694104420,17.26390800000002
2025-08-20T12:48:29.421Z,1755694109421,17.263666000000022
2025-08-20T12:48:34.442Z,1755694114442,17.26329200000002
2025-08-20T12:48:39.448Z,1755694119448,17.263446000000023
2025-08-20T12:48:44.469Z,1755694124469,17.26287400000002
2025-08-20T12:48:49.357Z,1755694129357,17.261136000000025
2025-08-20T12:48:54.364Z,1755694134364,17.259442000000025
2025-08-20T12:48:59.378Z,1755694139378,17.257792000000023
2025-08-20T12:49:04.369Z,1755694144369,17.255394000000024
2025-08-20T12:49:09.381Z,1755694149381,17.253128000000025
2025-08-20T12:49:14.395Z,1755694154395,17.251962000000024
2025-08-20T12:49:14.395Z,1755694154395,17.250554000000022
2025-08-20T12:49:19.421Z,1755694159421,17.249234000000023
2025-08-20T12:49:19.421Z,1755694159421,17.249476000000026
2025-08-20T12:49:24.402Z,1755694164402,17.249784000000023
2025-08-20T12:49:29.411Z,1755694169411,17.250444000000027
2025-08-20T12:49:34.424Z,1755694174424,17.250114000000025
2025-08-20T12:49:39.410Z,1755694179410,17.250642000000024
2025-08-20T12:49:44.462Z,1755694184462,17.251170000000023
2025-08-20T12:49:49.440Z,1755694189440,17.251720000000024
2025-08-20T12:49:54.449Z,1755694194449,17.251148000000025
2025-08-20T12:49:59.362Z,1755694199362,17.25101600000003
2025-08-20T12:50:04.357Z,1755694204357,17.248662000000028
2025-08-20T12:50:09.384Z,1755694209384,17.247980000000027
2025-08-20T12:50:14.409Z,1755694214409,17.24536200000003
2025-08-20T12:50:19.383Z,1755694219383,17.244108000000026
2025-08-20T12:50:24.424Z,1755694224424,17.241886000000026
2025-08-20T12:50:29.403Z,1755694229403,17.242524000000024
2025-08-20T12:50:34.430Z,1755694234430,17.241006000000024
2025-08-20T12:50:39.416Z,1755694239416,17.240500000000026
2025-08-20T12:50:44.424Z,1755694244424,17.239994000000024
2025-08-20T12:50:49.414Z,1755694249414,17.23970800000002
2025-08-20T12:50:54.439Z,1755694254439,17.240632000000023
2025-08-20T12:50:59.452Z,1755694259452,17.240940000000023
2025-08-20T12:51:04.453Z,1755694264453,17.241776000000023
2025-08-20T12:51:09.456Z,1755694269456,17.242612000000022
2025-08-20T12:51:14.470Z,1755694274470,17.241424000000023
2025-08-20T12:51:19.459Z,1755694279459,17.241710000000023
2025-08-20T12:51:24.493Z,1755694284493,17.241248000000024
2025-08-20T12:51:29.481Z,1755694289481,17.241380000000024
2025-08-20T12:51:34.369Z,1755694294369,17.240412000000024
2025-08-20T12:51:39.390Z,1755694299390,17.239092000000024
2025-08-20T12:51:44.376Z,1755694304376,17.238938000000022
2025-08-20T12:51:49.397Z,1755694309397,17.23975200000002
2025-08-20T12:51:54.398Z,1755694314398,17.24034600000002
2025-08-20T12:51:59.411Z,1755694319411,17.24118200000002
2025-08-20T12:52:04.399Z,1755694324399,17.241028000000018
2025-08-20T12:52:14.410Z,1755694334410,17.23970800000002
2025-08-20T12:52:19.432Z,1755694339432,17.240500000000022
2025-08-20T12:52:24.452Z,1755694344452,17.23909200000002
2025-08-20T12:52:29.434Z,1755694349434,17.23946600000002
2025-08-20T12:52:34.453Z,1755694354453,17.23843200000002
2025-08-20T12:52:39.442Z,1755694359442,17.23777200000002
2025-08-20T12:52:44.459Z,1755694364459,17.23722200000002
2025-08-20T12:52:49.473Z,1755694369473,17.237662000000018
2025-08-20T12:52:54.472Z,1755694374472,17.237662000000018
2025-08-20T12:52:59.367Z,1755694379367,17.23841000000002
2025-08-20T12:53:04.360Z,1755694384360,17.24063200000002
2025-08-20T12:53:09.379Z,1755694389379,17.24102800000002
2025-08-20T12:53:14.392Z,1755694394392,17.240808000000023
2025-08-20T12:53:19.381Z,1755694399381,17.240676000000022
2025-08-20T12:53:24.377Z,1755694404377,17.24054400000002
2025-08-20T12:53:29.403Z,1755694409403,17.23979600000002
2025-08-20T12:53:34.412Z,1755694414412,17.23794800000002
2025-08-20T12:53:39.433Z,1755694419433,17.23640800000002
2025-08-20T12:53:44.418Z,1755694424418,17.235792000000018
2025-08-20T12:53:49.430Z,1755694429430,17.23612200000002
2025-08-20T12:53:54.421Z,1755694434421,17.23550600000002
2025-08-20T12:53:59.462Z,1755694439462,17.23530800000002
2025-08-20T12:54:04.449Z,1755694444449,17.23559400000002
2025-08-20T12:54:09.461Z,1755694449461,17.236804000000017
2025-08-20T12:54:14.483Z,1755694454483,17.23827800000002
2025-08-20T12:54:19.463Z,1755694459463,17.23887200000002
2025-08-20T12:54:24.482Z,1755694464482,17.23911400000002
2025-08-20T12:54:29.371Z,1755694469371,17.239004000000016
2025-08-20T12:54:34.383Z,1755694474383,17.238872000000015
2025-08-20T12:54:39.396Z,1755694479396,17.238080000000014
2025-08-20T12:54:44.411Z,1755694484411,17.236320000000013
2025-08-20T12:54:49.398Z,1755694489398,17.234758000000014
2025-08-20T12:54:54.416Z,1755694494416,17.235132000000018
2025-08-20T12:54:59.402Z,1755694499402,17.235286000000016
2025-08-20T12:55:04.426Z,1755694504426,17.235726000000017
2025-08-20T12:55:09.435Z,1755694509435,17.236694000000018
2025-08-20T12:55:14.434Z,1755694514434,17.236760000000018
2025-08-20T12:55:14.434Z,1755694514434,17.23618800000002
2025-08-20T12:55:19.453Z,1755694519453,17.23632000000002
2025-08-20T12:55:19.453Z,1755694519453,17.23612200000002
2025-08-20T12:55:24.443Z,1755694524443,17.23497800000002
2025-08-20T12:55:29.444Z,1755694529444,17.23407600000002
2025-08-20T12:55:34.471Z,1755694534471,17.233086000000018
2025-08-20T12:55:39.369Z,1755694539369,17.23262400000002
2025-08-20T12:55:44.379Z,1755694544379,17.230864000000018
2025-08-20T12:55:49.398Z,1755694549398,17.22980800000002
2025-08-20T12:55:54.386Z,1755694554386,17.22881800000002
2025-08-20T12:55:59.408Z,1755694559408,17.229632000000024
2025-08-20T12:56:04.412Z,1755694564412,17.230336000000023
2025-08-20T12:56:09.427Z,1755694569427,17.232338000000023
2025-08-20T12:56:14.427Z,1755694574427,17.232624000000023
2025-08-20T12:56:19.415Z,1755694579415,17.231876000000025
2025-08-20T12:56:24.436Z,1755694584436,17.230776000000024
2025-08-20T12:56:29.434Z,1755694589434,17.230886000000023
2025-08-20T12:56:34.436Z,1755694594436,17.228378000000024
2025-08-20T12:56:39.458Z,1755694599458,17.226574000000024
2025-08-20T12:56:44.454Z,1755694604454,17.224044000000024
2025-08-20T12:56:49.469Z,1755694609469,17.222548000000025
2025-08-20T12:56:54.361Z,1755694614361,17.221448000000024
2025-08-20T12:56:59.378Z,1755694619378,17.220524000000022
2025-08-20T12:57:04.385Z,1755694624385,17.22039200000002
2025-08-20T12:57:09.391Z,1755694629391,17.22039200000002
2025-08-20T12:57:14.383Z,1755694634383,17.219402000000024
2025-08-20T12:57:19.401Z,1755694639401,17.219468000000024
2025-08-20T12:57:24.390Z,1755694644390,17.218456000000025
2025-08-20T12:57:29.403Z,1755694649403,17.216828000000024
2025-08-20T12:57:34.433Z,1755694654433,17.216256000000023
2025-08-20T12:57:39.426Z,1755694659426,17.217004000000024
2025-08-20T12:57:44.441Z,1755694664441,17.216124000000026
2025-08-20T12:57:49.431Z,1755694669431,17.217114000000024
2025-08-20T12:57:54.452Z,1755694674452,17.216366000000026
2025-08-20T12:57:59.475Z,1755694679475,17.216014000000026
2025-08-20T12:58:04.473Z,1755694684473,17.216058000000025
2025-08-20T12:58:09.385Z,1755694689385,17.216916000000026
2025-08-20T12:58:14.372Z,1755694694372,17.217972000000024
2025-08-20T12:58:19.366Z,1755694699366,17.218676000000023
2025-08-20T12:58:24.377Z,1755694704377,17.22032600000002
2025-08-20T12:58:29.399Z,1755694709399,17.222988000000022
2025-08-20T12:58:34.382Z,1755694714382,17.223516000000025
2025-08-20T12:58:39.391Z,1755694719391,17.227058000000024
2025-08-20T12:58:44.403Z,1755694724403,17.228268000000025
2025-08-20T12:58:49.421Z,1755694729421,17.229478000000025
2025-08-20T12:58:54.408Z,1755694734408,17.230468000000027
2025-08-20T12:58:59.432Z,1755694739432,17.231040000000025
2025-08-20T12:59:04.433Z,1755694744433,17.231458000000025
2025-08-20T12:59:09.454Z,1755694749454,17.230226000000027
2025-08-20T12:59:14.431Z,1755694754431,17.229852000000026
2025-08-20T12:59:19.447Z,1755694759447,17.228752000000025
2025-08-20T12:59:24.466Z,1755694764466,17.229456000000024
2025-08-20T12:59:29.457Z,1755694769457,17.230116000000024
2025-08-20T12:59:34.472Z,1755694774472,17.231656000000022
2025-08-20T12:59:39.485Z,1755694779485,17.232756000000023
2025-08-20T12:59:44.370Z,1755694784370,17.23258000000002
2025-08-20T12:59:49.390Z,1755694789390,17.235220000000023
2025-08-20T12:59:54.411Z,1755694794411,17.237794000000022
2025-08-20T12:59:59.388Z,1755694799388,17.239774000000022
2025-08-20T13:00:04.411Z,1755694804411,17.239290000000018
2025-08-20T13:00:09.443Z,1755694809443,17.23979600000002
2025-08-20T13:00:14.418Z,1755694814418,17.24001600000002
2025-08-20T13:00:19.407Z,1755694819407,17.241732000000017
2025-08-20T13:00:24.425Z,1755694824425,17.24362400000002
2025-08-20T13:00:29.442Z,1755694829442,17.244174000000015
2025-08-20T13:00:34.432Z,1755694834432,17.24507600000002
2025-08-20T13:00:39.443Z,1755694839443,17.24646200000002
2025-08-20T13:00:44.478Z,1755694844478,17.246836000000016
2025-08-20T13:00:49.451Z,1755694849451,17.248046000000016
2025-08-20T13:00:54.462Z,1755694854462,17.250664000000018
2025-08-20T13:00:59.473Z,1755694859473,17.250774000000018
2025-08-20T13:01:04.475Z,1755694864475,17.251654000000016
2025-08-20T13:01:09.465Z,1755694869465,17.253238000000017
2025-08-20T13:01:14.377Z,1755694874377,17.252864000000017
2025-08-20T13:01:14.377Z,1755694874377,17.253392000000016
2025-08-20T13:01:19.390Z,1755694879390,17.254778000000016
2025-08-20T13:01:19.390Z,1755694879390,17.255130000000015
2025-08-20T13:01:24.393Z,1755694884393,17.256516000000016
2025-08-20T13:01:29.408Z,1755694889408,17.256670000000014
2025-08-20T13:01:34.414Z,1755694894414,17.258144000000016
2025-08-20T13:01:39.428Z,1755694899428,17.260102000000018
2025-08-20T13:01:44.430Z,1755694904430,17.260564000000016
2025-08-20T13:01:49.428Z,1755694909428,17.26151000000002
2025-08-20T13:01:54.418Z,1755694914418,17.26254400000002
2025-08-20T13:01:59.428Z,1755694919428,17.264590000000016
2025-08-20T13:02:04.448Z,1755694924448,17.265404000000018
2025-08-20T13:02:09.435Z,1755694929435,17.266438000000015
2025-08-20T13:02:14.450Z,1755694934450,17.265888000000015
2025-08-20T13:02:19.460Z,1755694939460,17.267164000000015
2025-08-20T13:02:24.473Z,1755694944473,17.268440000000016
2025-08-20T13:02:29.469Z,1755694949469,17.269364000000017
2025-08-20T13:02:34.372Z,1755694954372,17.27143200000002
2025-08-20T13:02:39.369Z,1755694959369,17.272092000000022
2025-08-20T13:02:44.381Z,1755694964381,17.27286200000002
2025-08-20T13:02:49.382Z,1755694969382,17.27424800000002
2025-08-20T13:02:54.399Z,1755694974399,17.27380800000002
2025-08-20T13:02:59.405Z,1755694979405,17.275568000000018
2025-08-20T13:03:04.422Z,1755694984422,17.27561200000002
2025-08-20T13:03:09.407Z,1755694989407,17.276602000000018
2025-08-20T13:03:14.419Z,1755694994419,17.27757000000002
2025-08-20T13:03:19.413Z,1755694999413,17.278846000000016
2025-08-20T13:03:24.426Z,1755695004426,17.279110000000017
2025-08-20T13:03:29.435Z,1755695009435,17.279946000000017
2025-08-20T13:03:34.420Z,1755695014420,17.28076000000002
2025-08-20T13:03:39.437Z,1755695019437,17.28179400000002
2025-08-20T13:03:44.460Z,1755695024460,17.28252000000002
2025-08-20T13:03:49.453Z,1755695029453,17.28335600000002
2025-08-20T13:03:54.461Z,1755695034461,17.28412600000002
2025-08-20T13:03:59.452Z,1755695039452,17.285688000000018
2025-08-20T13:04:04.474Z,1755695044474,17.28696400000002
2025-08-20T13:04:09.478Z,1755695049478,17.286282000000018
2025-08-20T13:04:14.382Z,1755695054382,17.28667800000002
2025-08-20T13:04:19.405Z,1755695059405,17.28758000000002
2025-08-20T13:04:24.397Z,1755695064397,17.288482000000023
2025-08-20T13:04:29.413Z,1755695069413,17.289186000000022
2025-08-20T13:04:39.406Z,1755695079406,17.290858000000025
2025-08-20T13:04:44.425Z,1755695084425,17.291914000000023
2025-08-20T13:04:54.449Z,1755695094449,17.294026000000024
2025-08-20T13:04:59.435Z,1755695099435,17.296182000000023
2025-08-20T13:05:04.452Z,1755695104452,17.298646000000023
2025-08-20T13:05:09.437Z,1755695109437,17.300142000000022
2025-08-20T13:05:14.449Z,1755695114449,17.301396000000025
2025-08-20T13:05:19.468Z,1755695119468,17.303552000000025
2025-08-20T13:05:24.451Z,1755695124451,17.305202000000023
2025-08-20T13:05:29.466Z,1755695129466,17.306962000000023
2025-08-20T13:05:34.376Z,1755695134376,17.308876000000023
2025-08-20T13:05:39.489Z,1755695139489,17.309382000000024
2025-08-20T13:05:44.380Z,1755695144380,17.312066000000023
2025-08-20T13:05:49.394Z,1755695149394,17.315080000000023
2025-08-20T13:05:54.413Z,1755695154413,17.316312000000025
2025-08-20T13:05:59.405Z,1755695159405,17.316400000000023
2025-08-20T13:06:04.415Z,1755695164415,17.317082000000024
2025-08-20T13:06:09.431Z,1755695169431,17.315960000000022
2025-08-20T13:06:14.418Z,1755695174418,17.316224000000023
2025-08-20T13:06:19.442Z,1755695179442,17.315806000000023
2025-08-20T13:06:24.453Z,1755695184453,17.31497000000002
2025-08-20T13:06:29.433Z,1755695189433,17.31549800000002
2025-08-20T13:06:34.450Z,1755695194450,17.316026000000022
2025-08-20T13:06:39.459Z,1755695199459,17.316268000000022
2025-08-20T13:06:44.489Z,1755695204489,17.314882000000022
2025-08-20T13:06:49.466Z,1755695209466,17.31426600000002
2025-08-20T13:06:54.388Z,1755695214388,17.14242400000002
2025-08-20T13:06:59.376Z,1755695219376,16.96829400000002
2025-08-20T13:07:04.388Z,1755695224388,16.79480200000002
2025-08-20T13:07:09.407Z,1755695229407,16.621882000000017
2025-08-20T13:07:09.407Z,1755695229407,16.448852000000016
2025-08-20T13:07:59.464Z,1755695279464,16.27582200000002
2025-08-20T13:07:59.464Z,1755695279464,16.10325400000002
2025-08-20T13:08:04.452Z,1755695284452,15.93090600000002
2025-08-20T13:08:49.426Z,1755695329426,15.758360000000021
2025-08-20T13:08:54.439Z,1755695334439,15.58605600000002
2025-08-20T13:09:39.381Z,1755695379381,15.413268000000024
2025-08-20T13:09:44.466Z,1755695384466,15.240304000000023
2025-08-20T13:09:59.384Z,1755695399384,15.066262000000025
2025-08-20T13:10:04.399Z,1755695404399,14.893298000000025
2025-08-20T13:10:49.446Z,1755695449446,14.721126000000027
2025-08-20T13:10:54.460Z,1755695454460,14.547216000000025
2025-08-20T13:11:09.403Z,1755695469403,14.373218000000026
2025-08-20T13:11:14.377Z,1755695474377,14.198626000000026
2025-08-20T13:12:44.388Z,1755695564388,14.027246000000027
2025-08-20T13:12:54.398Z,1755695574398,14.027356000000028
2025-08-20T13:12:59.428Z,1755695579428,14.027422000000026
2025-08-20T13:13:04.409Z,1755695584409,14.026740000000027
2025-08-20T13:13:09.419Z,1755695589419,14.027092000000025
2025-08-20T13:13:14.427Z,1755695594427,14.025794000000026
2025-08-20T13:13:14.427Z,1755695594427,14.025442000000025
2025-08-20T13:13:19.441Z,1755695599441,14.026124000000024
2025-08-20T13:13:19.441Z,1755695599441,14.027466000000025
2025-08-20T13:13:24.458Z,1755695604458,14.027444000000024
2025-08-20T13:13:29.441Z,1755695609441,14.026806000000024
2025-08-20T13:13:34.460Z,1755695614460,14.025552000000026
2025-08-20T13:13:39.485Z,1755695619485,14.025200000000025
2025-08-20T13:13:44.459Z,1755695624459,14.024650000000024
2025-08-20T13:13:49.471Z,1755695629471,14.023814000000025
2025-08-20T13:13:54.385Z,1755695634385,14.023726000000027
2025-08-20T13:13:59.400Z,1755695639400,14.023440000000027
2025-08-20T13:14:04.375Z,1755695644375,14.023836000000028
2025-08-20T13:14:09.391Z,1755695649391,14.023220000000029
2025-08-20T13:14:14.403Z,1755695654403,14.024144000000028
2025-08-20T13:14:19.413Z,1755695659413,14.025332000000027
2025-08-20T13:14:24.424Z,1755695664424,14.025706000000028
2025-08-20T13:14:29.445Z,1755695669445,14.026740000000027
2025-08-20T13:14:34.447Z,1755695674447,14.026410000000029
2025-08-20T13:14:39.427Z,1755695679427,14.025992000000029
2025-08-20T13:14:44.436Z,1755695684436,14.025112000000027
2025-08-20T13:14:49.450Z,1755695689450,14.024694000000027
2025-08-20T13:14:54.458Z,1755695694458,14.023044000000025
2025-08-20T13:14:59.439Z,1755695699439,14.023308000000025
2025-08-20T13:15:04.450Z,1755695704450,14.021966000000026
2025-08-20T13:15:09.463Z,1755695709463,14.021438000000025
2025-08-20T13:15:14.476Z,1755695714476,14.021856000000025
2025-08-20T13:15:19.373Z,1755695719373,14.022010000000025
2025-08-20T13:15:24.403Z,1755695724403,14.022406000000025
2025-08-20T13:15:29.425Z,1755695729425,14.022604000000026
2025-08-20T13:15:34.396Z,1755695734396,14.022912000000026
2025-08-20T13:15:39.409Z,1755695739409,14.023682000000026
2025-08-20T13:15:44.425Z,1755695744425,14.023110000000026
2025-08-20T13:15:49.434Z,1755695749434,14.022054000000026
2025-08-20T13:15:54.462Z,1755695754462,14.020580000000027
2025-08-20T13:15:59.439Z,1755695759439,14.019612000000029
2025-08-20T13:16:04.447Z,1755695764447,14.017654000000029
2025-08-20T13:16:09.463Z,1755695769463,14.017324000000029
2025-08-20T13:16:14.460Z,1755695774460,14.015718000000026
2025-08-20T13:16:19.476Z,1755695779476,14.016004000000027
2025-08-20T13:16:24.483Z,1755695784483,14.015366000000027
2025-08-20T13:16:29.405Z,1755695789405,14.015234000000026
2025-08-20T13:16:34.382Z,1755695794382,14.015212000000027
2025-08-20T13:16:39.395Z,1755695799395,14.014794000000027
2025-08-20T13:16:44.387Z,1755695804387,14.014508000000028
2025-08-20T13:16:49.400Z,1755695809400,14.013034000000028
2025-08-20T13:16:54.407Z,1755695814407,14.013936000000026
2025-08-20T13:16:59.430Z,1755695819430,14.013320000000027
2025-08-20T13:17:04.428Z,1755695824428,14.011736000000026
2025-08-20T13:17:09.450Z,1755695829450,14.010636000000025
2025-08-20T13:17:14.465Z,1755695834465,14.010284000000023
2025-08-20T13:17:19.433Z,1755695839433,14.010240000000024
2025-08-20T13:17:24.443Z,1755695844443,14.010262000000022
2025-08-20T13:17:29.456Z,1755695849456,14.009404000000023
2025-08-20T13:17:34.441Z,1755695854441,14.009074000000021
2025-08-20T13:17:39.451Z,1755695859451,14.00931600000002
2025-08-20T13:17:44.462Z,1755695864462,14.009448000000019
2025-08-20T13:17:49.480Z,1755695869480,14.010350000000017
2025-08-20T13:17:54.365Z,1755695874365,14.010482000000017
2025-08-20T13:17:59.384Z,1755695879384,14.009954000000018
2025-08-20T13:18:04.394Z,1755695884394,14.00916200000002
2025-08-20T13:18:09.387Z,1755695889387,14.00940400000002
2025-08-20T13:18:14.400Z,1755695894400,14.009404000000018
2025-08-20T13:18:19.418Z,1755695899418,14.007732000000017
2025-08-20T13:18:24.428Z,1755695904428,14.005488000000016
2025-08-20T13:18:29.452Z,1755695909452,14.004960000000015
2025-08-20T13:18:34.422Z,1755695914422,14.005092000000015
2025-08-20T13:18:39.438Z,1755695919438,14.004982000000016
2025-08-20T13:18:44.440Z,1755695924440,14.006280000000014
2025-08-20T13:18:49.452Z,1755695929452,14.007468000000015
2025-08-20T13:18:54.465Z,1755695934465,14.007930000000014
2025-08-20T13:18:59.483Z,1755695939483,14.009052000000015
2025-08-20T13:19:04.455Z,1755695944455,14.008084000000014
2025-08-20T13:19:09.478Z,1755695949478,14.007534000000014
2025-08-20T13:19:14.460Z,1755695954460,14.007908000000013
2025-08-20T13:19:14.460Z,1755695954460,14.008744000000013
2025-08-20T13:19:19.481Z,1755695959481,14.009888000000013
2025-08-20T13:19:19.481Z,1755695959481,14.183336000000013
2025-08-20T13:19:24.396Z,1755695964396,14.347148000000013
2025-08-20T13:19:29.406Z,1755695969406,14.520948000000015
2025-08-20T13:19:34.395Z,1755695974395,14.694484000000015
2025-08-20T13:19:39.406Z,1755695979406,14.868306000000016
2025-08-20T13:19:44.409Z,1755695984409,15.041930000000015
2025-08-20T13:19:49.420Z,1755695989420,15.215972000000015
2025-08-20T13:19:54.410Z,1755695994410,15.389662000000017
2025-08-20T13:19:59.424Z,1755695999424,15.563968000000015
2025-08-20T13:20:04.428Z,1755696004428,15.737174000000016
2025-08-20T13:20:09.446Z,1755696009446,15.910226000000014
2025-08-20T13:20:14.432Z,1755696014432,16.083388000000014
2025-08-20T13:20:19.459Z,1755696019459,16.255296000000012
2025-08-20T13:20:24.456Z,1755696024456,16.427424000000013
2025-08-20T13:20:29.472Z,1755696029472,16.59957400000001
2025-08-20T13:20:34.461Z,1755696034461,16.77236200000001
2025-08-20T13:20:39.476Z,1755696039476,16.94576600000001
2025-08-20T13:20:44.474Z,1755696044474,17.119258000000013
2025-08-20T13:20:49.388Z,1755696049388,17.29072600000001
2025-08-20T13:20:54.403Z,1755696054403,17.289824000000014
2025-08-20T13:20:59.391Z,1755696059391,17.29000000000001
2025-08-20T13:21:04.425Z,1755696064425,17.29061600000001
2025-08-20T13:21:09.404Z,1755696069404,17.29057200000001
2025-08-20T13:21:14.395Z,1755696074395,17.29140800000001
2025-08-20T13:21:19.408Z,1755696079408,17.291606000000012
2025-08-20T13:21:24.433Z,1755696084433,17.29044000000001
2025-08-20T13:21:29.432Z,1755696089432,17.290044000000012
2025-08-20T13:21:34.437Z,1755696094437,17.28894400000001
2025-08-20T13:21:39.451Z,1755696099451,17.288658000000012
2025-08-20T13:21:44.439Z,1755696104439,17.290220000000012
2025-08-20T13:21:49.455Z,1755696109455,17.290594000000013
2025-08-20T13:21:54.475Z,1755696114475,17.28967000000001
2025-08-20T13:21:59.462Z,1755696119462,17.291012000000013
2025-08-20T13:22:04.454Z,1755696124454,17.29224400000001
2025-08-20T13:22:09.473Z,1755696129473,17.293410000000012
2025-08-20T13:22:14.380Z,1755696134380,17.29387200000001
2025-08-20T13:22:19.397Z,1755696139397,17.29440000000001
2025-08-20T13:22:24.411Z,1755696144411,17.293586000000012
2025-08-20T13:22:29.396Z,1755696149396,17.29288200000001
2025-08-20T13:22:34.408Z,1755696154408,17.29200200000001
2025-08-20T13:22:44.418Z,1755696164418,17.29136400000001
2025-08-20T13:22:49.435Z,1755696169435,17.291078000000013
2025-08-20T13:22:54.411Z,1755696174411,17.29094600000001
2025-08-20T13:22:59.444Z,1755696179444,17.29008800000001
2025-08-20T13:23:04.461Z,1755696184461,17.290176000000013
2025-08-20T13:23:09.465Z,1755696189465,17.291826000000015
2025-08-20T13:23:14.447Z,1755696194447,17.292112000000017
2025-08-20T13:23:19.460Z,1755696199460,17.294092000000013
2025-08-20T13:23:24.472Z,1755696204472,17.294642000000014
2025-08-20T13:23:29.384Z,1755696209384,17.285864000000014
2025-08-20T13:23:34.465Z,1755696214465,17.285908000000017
2025-08-20T13:23:39.380Z,1755696219380,17.286128000000016
2025-08-20T13:23:44.401Z,1755696224401,17.286084000000013
2025-08-20T13:23:49.417Z,1755696229417,17.286326000000013
2025-08-20T13:23:54.389Z,1755696234389,17.286634000000014
2025-08-20T13:23:59.396Z,1755696239396,17.286854000000012
2025-08-20T13:24:04.411Z,1755696244411,17.289384000000013
2025-08-20T13:24:09.429Z,1755696249429,17.290836000000013
2025-08-20T13:24:14.407Z,1755696254407,17.293256000000014
2025-08-20T13:24:19.419Z,1755696259419,17.295632000000015
2025-08-20T13:24:24.432Z,1755696264432,17.295874000000016
2025-08-20T13:24:29.438Z,1755696269438,17.297150000000016
2025-08-20T13:24:34.431Z,1755696274431,17.297414000000014
2025-08-20T13:24:39.449Z,1755696279449,17.298514000000015
2025-08-20T13:24:44.427Z,1755696284427,17.298734000000017
2025-08-20T13:24:49.439Z,1755696289439,17.299108000000018
2025-08-20T13:24:54.450Z,1755696294450,17.300010000000015
2025-08-20T13:24:59.466Z,1755696299466,17.300428000000014
2025-08-20T13:25:04.479Z,1755696304479,17.301396000000015
2025-08-20T13:25:09.493Z,1755696309493,17.301704000000015
2025-08-20T13:25:14.400Z,1755696314400,17.303486000000017
2025-08-20T13:25:14.400Z,1755696314400,17.305840000000018
2025-08-20T13:25:19.411Z,1755696319411,17.30724800000002
2025-08-20T13:25:19.411Z,1755696319411,17.30760000000002
2025-08-20T13:25:24.386Z,1755696324386,17.30685200000002
2025-08-20T13:25:29.398Z,1755696329398,17.30830400000002
2025-08-20T13:25:34.417Z,1755696334417,17.31024000000002
2025-08-20T13:25:39.441Z,1755696339441,17.310350000000025
2025-08-20T13:25:44.419Z,1755696344419,17.302122000000022
2025-08-20T13:25:49.440Z,1755696349440,17.30225400000002
2025-08-20T13:25:54.425Z,1755696354425,17.30155000000002
2025-08-20T13:25:59.441Z,1755696359441,17.30179200000002
2025-08-20T13:26:04.467Z,1755696364467,17.301946000000022
2025-08-20T13:26:09.452Z,1755696369452,17.30271600000002
2025-08-20T13:26:14.490Z,1755696374490,17.302232000000018
2025-08-20T13:26:19.459Z,1755696379459,17.30267200000002
2025-08-20T13:26:24.477Z,1755696384477,17.30372800000002
2025-08-20T13:26:29.452Z,1755696389452,17.306170000000023
2025-08-20T13:26:34.484Z,1755696394484,17.306588000000023
2025-08-20T13:26:39.415Z,1755696399415,17.306720000000023
2025-08-20T13:26:44.396Z,1755696404396,17.306962000000023
2025-08-20T13:26:54.419Z,1755696414419,17.306896000000023
2025-08-20T13:26:59.433Z,1755696419433,17.306016000000024
2025-08-20T13:27:09.429Z,1755696429429,17.305290000000024
2025-08-20T13:27:14.440Z,1755696434440,17.304850000000027
2025-08-20T13:27:19.455Z,1755696439455,17.30452000000003
2025-08-20T13:27:24.468Z,1755696444468,17.303882000000026
2025-08-20T13:27:29.455Z,1755696449455,17.304014000000027
2025-08-20T13:27:34.473Z,1755696454473,17.30443200000003
2025-08-20T13:27:39.480Z,1755696459480,17.30379400000003
2025-08-20T13:27:44.494Z,1755696464494,17.302958000000032
2025-08-20T13:27:49.384Z,1755696469384,17.31219800000003
2025-08-20T13:27:54.399Z,1755696474399,17.31151600000003
2025-08-20T13:27:59.390Z,1755696479390,17.31109800000003
2025-08-20T13:28:04.402Z,1755696484402,17.30903000000003
2025-08-20T13:28:09.406Z,1755696489406,17.30837000000003
2025-08-20T13:28:14.421Z,1755696494421,17.30753400000003
2025-08-20T13:28:19.408Z,1755696499408,17.30566400000003
2025-08-20T13:28:24.423Z,1755696504423,17.30344200000003
2025-08-20T13:28:29.442Z,1755696509442,17.30304600000003
2025-08-20T13:28:34.423Z,1755696514423,17.302958000000032
2025-08-20T13:28:39.443Z,1755696519443,17.30322200000003
2025-08-20T13:28:44.439Z,1755696524439,17.30476200000003
2025-08-20T13:28:49.451Z,1755696529451,17.30661000000003
2025-08-20T13:28:54.455Z,1755696534455,17.308172000000027
2025-08-20T13:28:59.481Z,1755696539481,17.30892000000003
2025-08-20T13:29:09.485Z,1755696549485,17.307358000000033
2025-08-20T13:29:14.408Z,1755696554408,17.30641200000003
2025-08-20T13:29:19.389Z,1755696559389,17.306390000000032
2025-08-20T13:29:24.408Z,1755696564408,17.30535600000003
2025-08-20T13:29:29.421Z,1755696569421,17.305598000000032
2025-08-20T13:29:34.403Z,1755696574403,17.30397000000003
2025-08-20T13:29:39.419Z,1755696579419,17.30372800000003
2025-08-20T13:29:44.432Z,1755696584432,17.302892000000032
2025-08-20T13:29:49.420Z,1755696589420,17.303662000000035
2025-08-20T13:29:54.434Z,1755696594434,17.303398000000033
2025-08-20T13:29:59.459Z,1755696599459,17.30342000000003
2025-08-20T13:30:04.438Z,1755696604438,17.30348600000003
2025-08-20T13:30:09.441Z,1755696609441,17.303684000000032
2025-08-20T13:30:14.459Z,1755696614459,17.30348600000003
2025-08-20T13:30:19.481Z,1755696619481,17.30366200000003
2025-08-20T13:30:24.391Z,1755696624391,17.30353000000003
2025-08-20T13:30:29.371Z,1755696629371,17.30194600000003
2025-08-20T13:30:34.392Z,1755696634392,17.299878000000028
2025-08-20T13:30:39.402Z,1755696639402,17.298404000000026
2025-08-20T13:30:44.412Z,1755696644412,17.296886000000026
2025-08-20T13:30:49.436Z,1755696649436,17.295962000000028
2025-08-20T13:30:54.415Z,1755696654415,17.296864000000028
2025-08-20T13:30:59.424Z,1755696659424,17.29664400000003
2025-08-20T13:31:04.443Z,1755696664443,17.29748000000003
2025-08-20T13:31:09.433Z,1755696669433,17.29928400000003
2025-08-20T13:31:14.449Z,1755696674449,17.30025200000003
2025-08-20T13:31:14.449Z,1755696674449,17.30177000000003
2025-08-20T13:31:19.437Z,1755696679437,17.30348600000003
2025-08-20T13:31:19.437Z,1755696679437,17.304322000000028
2025-08-20T13:31:24.452Z,1755696684452,17.30412400000003
2025-08-20T13:31:29.462Z,1755696689462,17.305466000000028
2025-08-20T13:31:34.479Z,1755696694479,17.30381600000003
2025-08-20T13:31:39.448Z,1755696699448,17.30379400000003
2025-08-20T13:31:44.463Z,1755696704463,17.312638000000028
2025-08-20T13:31:49.480Z,1755696709480,17.312308000000026
2025-08-20T13:31:54.466Z,1755696714466,17.31180200000003
2025-08-20T13:31:59.480Z,1755696719480,17.312616000000027
2025-08-20T13:32:04.491Z,1755696724491,17.313408000000027
2025-08-20T13:32:09.409Z,1755696729409,17.31248400000003
2025-08-20T13:32:14.416Z,1755696734416,17.31235200000003
2025-08-20T13:32:19.435Z,1755696739435,17.31182400000003
2025-08-20T13:32:24.407Z,1755696744407,17.311846000000028
2025-08-20T13:32:29.420Z,1755696749420,17.31083400000003
2025-08-20T13:32:34.440Z,1755696754440,17.31083400000003
2025-08-20T13:32:39.453Z,1755696759453,17.311472000000027
2025-08-20T13:32:44.442Z,1755696764442,17.312198000000027
2025-08-20T13:32:49.461Z,1755696769461,17.312748000000028
2025-08-20T13:32:54.449Z,1755696774449,17.312176000000026
2025-08-20T13:32:59.475Z,1755696779475,17.313012000000025
2025-08-20T13:33:04.459Z,1755696784459,17.314200000000024
2025-08-20T13:33:09.468Z,1755696789468,17.315080000000027
2025-08-20T13:33:14.495Z,1755696794495,17.315190000000026
2025-08-20T13:33:19.403Z,1755696799403,17.316532000000024
2025-08-20T13:33:24.383Z,1755696804383,17.317170000000026
2025-08-20T13:33:29.392Z,1755696809392,17.314552000000027
2025-08-20T13:33:34.406Z,1755696814406,17.313012000000025
2025-08-20T13:33:39.419Z,1755696819419,17.312748000000024
2025-08-20T13:33:44.429Z,1755696824429,17.311714000000023
2025-08-20T13:33:49.430Z,1755696829430,17.311208000000025
2025-08-20T13:33:54.449Z,1755696834449,17.309624000000024
2025-08-20T13:33:59.439Z,1755696839439,17.309074000000024
2025-08-20T13:34:04.451Z,1755696844451,17.308348000000024
2025-08-20T13:34:09.465Z,1755696849465,17.317324000000024
2025-08-20T13:34:14.481Z,1755696854481,17.318204000000023
2025-08-20T13:34:19.460Z,1755696859460,17.319414000000023
2025-08-20T13:34:24.482Z,1755696864482,17.319062000000027
2025-08-20T13:34:29.504Z,1755696869504,17.319590000000026
2025-08-20T13:34:34.477Z,1755696874477,17.319392000000025
2025-08-20T13:34:39.383Z,1755696879383,17.319744000000025
2025-08-20T13:34:44.402Z,1755696884402,17.319106000000026
2025-08-20T13:34:49.415Z,1755696889415,17.318292000000028
2025-08-20T13:34:54.399Z,1755696894399,17.316620000000025
2025-08-20T13:34:59.415Z,1755696899415,17.315828000000025
2025-08-20T13:35:04.427Z,1755696904427,17.316268000000026
2025-08-20T13:35:09.431Z,1755696909431,17.315498000000026
2025-08-20T13:35:14.455Z,1755696914455,17.315608000000026
2025-08-20T13:35:19.439Z,1755696919439,17.314706000000026
2025-08-20T13:35:24.457Z,1755696924457,17.313936000000027
2025-08-20T13:35:29.449Z,1755696929449,17.314178000000023
2025-08-20T13:35:34.467Z,1755696934467,17.315212000000024
2025-08-20T13:35:39.473Z,1755696939473,17.315498000000026
2025-08-20T13:35:44.460Z,1755696944460,17.315542000000026
2025-08-20T13:35:49.502Z,1755696949502,17.31523400000003
2025-08-20T13:35:54.390Z,1755696954390,17.313518000000027
2025-08-20T13:35:59.381Z,1755696959381,17.312924000000024
2025-08-20T13:36:04.394Z,1755696964394,17.311626000000025
2025-08-20T13:36:09.410Z,1755696969410,17.310482000000025
2025-08-20T13:36:14.420Z,1755696974420,17.309844000000027
2025-08-20T13:36:19.429Z,1755696979429,17.310900000000025
2025-08-20T13:36:24.416Z,1755696984416,17.310878000000024
2025-08-20T13:36:29.436Z,1755696989436,17.31059200000002
2025-08-20T13:36:34.446Z,1755696994446,17.311164000000023
2025-08-20T13:36:39.437Z,1755696999437,17.31283600000002
2025-08-20T13:36:44.446Z,1755697004446,17.31395800000002
2025-08-20T13:36:49.457Z,1755697009457,17.31413400000002
2025-08-20T13:36:54.471Z,1755697014471,17.31327600000002
2025-08-20T13:36:59.477Z,1755697019477,17.312682000000024
2025-08-20T13:37:04.391Z,1755697024391,17.309712000000022
2025-08-20T13:37:09.387Z,1755697029387,17.307864000000023
2025-08-20T13:37:14.400Z,1755697034400,17.30663200000002
2025-08-20T13:37:14.400Z,1755697034400,17.30707200000002
2025-08-20T13:37:19.411Z,1755697039411,17.30782000000002
2025-08-20T13:37:19.411Z,1755697039411,17.30843600000002
2025-08-20T13:37:24.417Z,1755697044417,17.30984400000002
2025-08-20T13:37:29.448Z,1755697049448,17.309140000000024
2025-08-20T13:37:34.421Z,1755697054421,17.30944800000002
2025-08-20T13:37:39.431Z,1755697059431,17.30900800000002
2025-08-20T13:37:44.443Z,1755697064443,17.30909600000002
2025-08-20T13:37:49.452Z,1755697069452,17.309690000000025
2025-08-20T13:37:54.459Z,1755697074459,17.309426000000023
2025-08-20T13:37:59.456Z,1755697079456,17.307512000000024
2025-08-20T13:38:04.472Z,1755697084472,17.307820000000024
2025-08-20T13:38:09.465Z,1755697089465,17.305972000000025
2025-08-20T13:38:14.480Z,1755697094480,17.304476000000026
2025-08-20T13:38:19.491Z,1755697099491,17.302496000000023
2025-08-20T13:38:24.488Z,1755697104488,17.301880000000025
2025-08-20T13:38:29.510Z,1755697109510,17.301616000000024
2025-08-20T13:38:34.392Z,1755697114392,17.301748000000025
2025-08-20T13:38:39.408Z,1755697119408,17.301396000000025
2025-08-20T13:38:44.394Z,1755697124394,17.302166000000028
2025-08-20T13:38:49.408Z,1755697129408,17.30357400000003
2025-08-20T13:38:54.418Z,1755697134418,17.303310000000028
2025-08-20T13:38:59.438Z,1755697139438,17.30412400000003
2025-08-20T13:39:04.452Z,1755697144452,17.30309000000003
2025-08-20T13:39:09.452Z,1755697149452,17.30133000000003
2025-08-20T13:39:14.456Z,1755697154456,17.300296000000028
2025-08-20T13:39:19.470Z,1755697159470,17.299570000000028
2025-08-20T13:39:24.454Z,1755697164454,17.297634000000027
2025-08-20T13:39:29.467Z,1755697169467,17.295346000000027
2025-08-20T13:39:34.478Z,1755697174478,17.294180000000026
2025-08-20T13:39:39.494Z,1755697179494,17.292156000000023
2025-08-20T13:39:44.379Z,1755697184379,17.290968000000024
2025-08-20T13:39:49.403Z,1755697189403,17.290814000000026
2025-08-20T13:39:54.414Z,1755697194414,17.290044000000027
2025-08-20T13:39:59.400Z,1755697199400,17.289494000000026
2025-08-20T13:40:04.418Z,1755697204418,17.290418000000024
2025-08-20T13:40:09.411Z,1755697209411,17.291078000000024
2025-08-20T13:40:14.419Z,1755697214419,17.29002200000002
2025-08-20T13:40:19.437Z,1755697219437,17.290000000000024
2025-08-20T13:40:24.444Z,1755697224444,17.28993400000002
2025-08-20T13:40:29.468Z,1755697229468,17.28881200000002
2025-08-20T13:40:34.447Z,1755697234447,17.28749200000002
2025-08-20T13:40:39.456Z,1755697239456,17.28551200000002
2025-08-20T13:40:44.469Z,1755697244469,17.284060000000018
2025-08-20T13:40:49.478Z,1755697249478,17.284060000000018
2025-08-20T13:40:54.489Z,1755697254489,17.28362000000002
2025-08-20T13:40:59.479Z,1755697259479,17.28252000000002
2025-08-20T13:41:04.493Z,1755697264493,17.282828000000016
2025-08-20T13:41:14.418Z,1755697274418,17.283268000000017
2025-08-20T13:41:19.416Z,1755697279416,17.28346600000002
2025-08-20T13:41:24.432Z,1755697284432,17.283224000000022
2025-08-20T13:41:29.420Z,1755697289420,17.28188200000002
2025-08-20T13:41:34.430Z,1755697294430,17.28168400000002
2025-08-20T13:41:39.450Z,1755697299450,17.28087000000002
2025-08-20T13:41:44.431Z,1755697304431,17.28186000000002
2025-08-20T13:41:49.443Z,1755697309443,17.28076000000002
2025-08-20T13:41:54.462Z,1755697314462,17.279726000000018
2025-08-20T13:41:59.458Z,1755697319458,17.28001200000002
2025-08-20T13:42:04.479Z,1755697324479,17.28073800000002
2025-08-20T13:42:09.481Z,1755697329481,17.28098000000002
2025-08-20T13:42:14.468Z,1755697334468,17.281310000000023
2025-08-20T13:42:19.494Z,1755697339494,17.28139800000002
2025-08-20T13:42:24.476Z,1755697344476,17.28045200000002
2025-08-20T13:42:29.390Z,1755697349390,17.279660000000025
2025-08-20T13:42:34.398Z,1755697354398,17.278846000000023
2025-08-20T13:42:39.393Z,1755697359393,17.27827400000002
2025-08-20T13:42:44.413Z,1755697364413,17.276514000000024
2025-08-20T13:42:49.436Z,1755697369436,17.27539200000002
2025-08-20T13:42:54.408Z,1755697374408,17.27508400000002
2025-08-20T13:42:59.450Z,1755697379450,17.273720000000022
2025-08-20T13:43:04.437Z,1755697384437,17.27451200000002
2025-08-20T13:43:09.448Z,1755697389448,17.27361000000002
2025-08-20T13:43:14.459Z,1755697394459,17.27380800000002
2025-08-20T13:43:14.459Z,1755697394459,17.27266400000002
2025-08-20T13:43:19.447Z,1755697399447,17.27385200000002
2025-08-20T13:43:19.447Z,1755697399447,17.27411600000002
2025-08-20T13:43:24.468Z,1755697404468,17.27519400000002
2025-08-20T13:43:29.454Z,1755697409454,17.27618400000002
2025-08-20T13:43:34.467Z,1755697414467,17.27589800000002
2025-08-20T13:43:39.482Z,1755697419482,17.27424800000002
2025-08-20T13:43:44.402Z,1755697424402,17.273720000000022
2025-08-20T13:43:49.407Z,1755697429407,17.272224000000023
2025-08-20T13:43:54.407Z,1755697434407,17.272048000000023
2025-08-20T13:43:59.437Z,1755697439437,17.262764000000022
2025-08-20T13:44:04.411Z,1755697444411,17.26245600000002
2025-08-20T13:44:09.424Z,1755697449424,17.26408400000002
2025-08-20T13:44:14.434Z,1755697454434,17.26558000000002
2025-08-20T13:44:19.442Z,1755697459442,17.26683400000002
2025-08-20T13:44:24.450Z,1755697464450,17.26758200000002
2025-08-20T13:44:29.459Z,1755697469459,17.26839600000002
2025-08-20T13:44:34.476Z,1755697474476,17.26830800000002
2025-08-20T13:44:39.462Z,1755697479462,17.27048600000002
2025-08-20T13:44:44.482Z,1755697484482,17.270552000000023
2025-08-20T13:44:49.462Z,1755697489462,17.269826000000023
2025-08-20T13:44:54.478Z,1755697494478,17.269782000000024
2025-08-20T13:44:59.494Z,1755697499494,17.270002000000023
2025-08-20T13:45:04.478Z,1755697504478,17.270112000000022
2025-08-20T13:45:09.477Z,1755697509477,17.272048000000023
2025-08-20T13:45:14.394Z,1755697514394,17.272752000000022
2025-08-20T13:45:19.403Z,1755697519403,17.274226000000024
2025-08-20T13:45:24.407Z,1755697524407,17.276008000000026
2025-08-20T13:45:29.414Z,1755697529414,17.276426000000026
2025-08-20T13:45:34.414Z,1755697534414,17.276338000000024
2025-08-20T13:45:39.425Z,1755697539425,17.277944000000026
2025-08-20T13:45:44.444Z,1755697544444,17.279880000000027
2025-08-20T13:45:49.462Z,1755697549462,17.280496000000024
2025-08-20T13:45:54.469Z,1755697554469,17.280650000000026
2025-08-20T13:45:59.480Z,1755697559480,17.280870000000025
2025-08-20T13:46:04.465Z,1755697564465,17.279660000000025
2025-08-20T13:46:09.472Z,1755697569472,17.278868000000024
2025-08-20T13:46:14.489Z,1755697574489,17.280254000000024
2025-08-20T13:46:19.384Z,1755697579384,17.280408000000026
2025-08-20T13:46:24.402Z,1755697584402,17.282234000000024
2025-08-20T13:46:29.437Z,1755697589437,17.283972000000023
2025-08-20T13:46:34.409Z,1755697594409,17.285424000000024
2025-08-20T13:46:39.443Z,1755697599443,17.287316000000025
2025-08-20T13:46:44.416Z,1755697604416,17.279550000000025
2025-08-20T13:46:49.427Z,1755697609427,17.281178000000025
2025-08-20T13:46:54.442Z,1755697614442,17.281882000000024
2025-08-20T13:46:59.451Z,1755697619451,17.283004000000027
2025-08-20T13:47:04.461Z,1755697624461,17.282432000000025
2025-08-20T13:47:09.457Z,1755697629457,17.281244000000026
2025-08-20T13:47:14.474Z,1755697634474,17.281398000000028
2025-08-20T13:47:19.485Z,1755697639485,17.281464000000025
2025-08-20T13:47:24.412Z,1755697644412,17.281596000000025
2025-08-20T13:47:29.388Z,1755697649388,17.281442000000027
2025-08-20T13:47:34.409Z,1755697654409,17.281376000000026
2025-08-20T13:47:39.405Z,1755697659405,17.282828000000027
2025-08-20T13:47:44.429Z,1755697664429,17.28454400000003
2025-08-20T13:47:49.412Z,1755697669412,17.285908000000028
2025-08-20T13:47:54.423Z,1755697674423,17.28705200000003
2025-08-20T13:47:59.446Z,1755697679446,17.28936200000003
2025-08-20T13:48:04.450Z,1755697684450,17.28898800000003
2025-08-20T13:48:14.466Z,1755697694466,17.28859200000003
2025-08-20T13:48:19.491Z,1755697699491,17.28916400000003
2025-08-20T13:48:24.472Z,1755697704472,17.28802000000003
2025-08-20T13:48:29.501Z,1755697709501,17.287140000000033
2025-08-20T13:48:34.491Z,1755697714491,17.28720600000003
2025-08-20T13:48:39.387Z,1755697719387,17.28773400000003
2025-08-20T13:48:44.408Z,1755697724408,17.288108000000033
2025-08-20T13:48:49.409Z,1755697729409,17.289010000000033
2025-08-20T13:48:54.427Z,1755697734427,17.29077000000003
2025-08-20T13:48:59.424Z,1755697739424,17.29301400000003
2025-08-20T13:49:04.437Z,1755697744437,17.294862000000034
2025-08-20T13:49:09.462Z,1755697749462,17.295522000000034
2025-08-20T13:49:14.459Z,1755697754459,17.29517000000003
2025-08-20T13:49:14.459Z,1755697754459,17.29578600000003
2025-08-20T13:49:19.451Z,1755697759451,17.295368000000032
2025-08-20T13:49:19.451Z,1755697759451,17.29407000000003
2025-08-20T13:49:24.463Z,1755697764463,17.29327800000003
2025-08-20T13:49:29.463Z,1755697769463,17.29224400000003
2025-08-20T13:49:34.492Z,1755697774492,17.292750000000026
2025-08-20T13:49:39.471Z,1755697779471,17.29202400000003
2025-08-20T13:49:44.488Z,1755697784488,17.291936000000028
2025-08-20T13:49:49.485Z,1755697789485,17.292222000000027
2025-08-20T13:49:54.474Z,1755697794474,17.29431200000003
2025-08-20T13:49:59.393Z,1755697799393,17.29508200000003
2025-08-20T13:50:04.429Z,1755697804429,17.29556600000003
2025-08-20T13:50:09.422Z,1755697809422,17.29580800000003
2025-08-20T13:50:14.413Z,1755697814413,17.29618200000003
2025-08-20T13:50:19.410Z,1755697819410,17.296490000000027
2025-08-20T13:50:24.443Z,1755697824443,17.296556000000027
2025-08-20T13:50:29.429Z,1755697829429,17.296908000000027
2025-08-20T13:50:34.426Z,1755697834426,17.296732000000024
2025-08-20T13:50:44.447Z,1755697844447,17.296424000000023
2025-08-20T13:50:49.445Z,1755697849445,17.297040000000028
2025-08-20T13:50:54.465Z,1755697854465,17.299064000000026
2025-08-20T13:50:59.460Z,1755697859460,17.300846000000025
2025-08-20T13:51:04.494Z,1755697864494,17.302210000000027
2025-08-20T13:51:09.487Z,1755697869487,17.304454000000028
2025-08-20T13:51:14.482Z,1755697874482,17.304806000000028
2025-08-20T13:51:19.495Z,1755697879495,17.306390000000025
2025-08-20T13:51:24.407Z,1755697884407,17.307622000000027
2025-08-20T13:51:29.416Z,1755697889416,17.307798000000027
2025-08-20T13:51:34.443Z,1755697894443,17.306214000000026
2025-08-20T13:51:39.435Z,1755697899435,17.305334000000027
2025-08-20T13:51:44.433Z,1755697904433,17.304058000000026
2025-08-20T13:51:54.473Z,1755697914473,17.304212000000025
2025-08-20T13:51:59.470Z,1755697919470,17.304564000000024
2025-08-20T13:52:04.470Z,1755697924470,17.305796000000026
2025-08-20T13:52:09.468Z,1755697929468,17.306588000000023
2025-08-20T13:52:14.477Z,1755697934477,17.308458000000023
2025-08-20T13:52:19.492Z,1755697939492,17.308326000000022
2025-08-20T13:52:24.383Z,1755697944383,17.318754000000023
2025-08-20T13:52:29.441Z,1755697949441,17.319216000000022
2025-08-20T13:52:34.415Z,1755697954415,17.319304000000024
2025-08-20T13:52:39.410Z,1755697959410,17.317808000000024
2025-08-20T13:52:44.404Z,1755697964404,17.316290000000023
2025-08-20T13:52:49.435Z,1755697969435,17.31523400000002
2025-08-20T13:52:54.428Z,1755697974428,17.314200000000024
2025-08-20T13:52:59.438Z,1755697979438,17.315102000000024
2025-08-20T13:53:04.455Z,1755697984455,17.313210000000023
2025-08-20T13:53:09.460Z,1755697989460,17.312110000000022
2025-08-20T13:53:14.471Z,1755697994471,17.312572000000024
2025-08-20T13:53:19.490Z,1755697999490,17.31277000000002
2025-08-20T13:53:24.375Z,1755698004375,17.313650000000024
2025-08-20T13:53:29.486Z,1755698009486,17.313804000000022
2025-08-20T13:53:34.398Z,1755698014398,17.313276000000023
2025-08-20T13:53:39.424Z,1755698019424,17.313474000000024
2025-08-20T13:53:44.403Z,1755698024403,17.311868000000025
2025-08-20T13:53:49.442Z,1755698029442,17.309888000000026
2025-08-20T13:53:54.442Z,1755698034442,17.307908000000026
2025-08-20T13:53:59.427Z,1755698039427,17.306478000000023
2025-08-20T13:54:04.421Z,1755698044421,17.303706000000023
2025-08-20T13:54:09.448Z,1755698049448,17.302320000000023
2025-08-20T13:54:14.437Z,1755698054437,17.130412000000025
2025-08-20T13:54:19.460Z,1755698059460,16.957382000000024
2025-08-20T13:54:29.472Z,1755698069472,16.784484000000024
2025-08-20T13:54:54.390Z,1755698094390,16.611520000000027
2025-08-20T13:54:59.416Z,1755698099416,16.439766000000024
2025-08-20T13:54:59.416Z,1755698099416,16.266428000000023
2025-08-20T13:55:29.448Z,1755698129448,16.093662000000023
2025-08-20T13:55:29.448Z,1755698129448,15.920368000000026
2025-08-20T13:55:34.434Z,1755698134434,15.747008000000026
2025-08-20T13:55:59.463Z,1755698159463,15.574110000000026
2025-08-20T13:56:04.480Z,1755698164480,15.400486000000026
2025-08-20T13:56:09.483Z,1755698169483,15.236344000000026
2025-08-20T13:56:14.494Z,1755698174494,15.062236000000025
2025-08-20T13:56:59.431Z,1755698219431,14.889558000000028
2025-08-20T13:57:04.460Z,1755698224460,14.715428000000026
2025-08-20T13:57:09.450Z,1755698229450,14.542222000000027
2025-08-20T13:57:14.480Z,1755698234480,14.370006000000025
2025-08-20T13:57:29.480Z,1755698249480,14.196778000000027
2025-08-20T13:57:34.489Z,1755698254489,14.024342000000026
2025-08-20T13:58:24.440Z,1755698304440,13.851642000000027
2025-08-20T13:58:34.452Z,1755698314452,13.679382000000025
2025-08-20T13:58:39.446Z,1755698319446,13.506704000000028
2025-08-20T13:58:44.469Z,1755698324469,13.333520000000027
2025-08-20T13:58:54.480Z,1755698334480,13.161656000000026
2025-08-20T13:58:59.521Z,1755698339521,12.989220000000024
2025-08-20T13:59:04.495Z,1755698344495,12.988516000000025
2025-08-20T13:59:09.415Z,1755698349415,12.987548000000025
2025-08-20T13:59:14.404Z,1755698354404,12.988362000000025
2025-08-20T13:59:19.419Z,1755698359419,12.988120000000023
2025-08-20T13:59:24.429Z,1755698364429,12.987834000000026
2025-08-20T13:59:29.427Z,1755698369427,12.987812000000027
2025-08-20T13:59:34.440Z,1755698374440,12.987856000000027
2025-08-20T13:59:39.453Z,1755698379453,12.814936000000024
2025-08-20T13:59:59.484Z,1755698399484,12.642126000000026
2025-08-20T14:00:14.471Z,1755698414471,12.468590000000027
2025-08-20T14:00:24.503Z,1755698424503,12.296396000000026
2025-08-20T14:00:29.417Z,1755698429417,12.123652000000027
2025-08-20T14:00:34.398Z,1755698434398,12.123586000000028
2025-08-20T14:00:39.421Z,1755698439421,12.121364000000028
2025-08-20T14:00:44.444Z,1755698444444,12.119736000000028
2025-08-20T14:00:49.421Z,1755698449421,12.118636000000029
2025-08-20T14:00:54.440Z,1755698454440,12.117976000000029
2025-08-20T14:00:59.432Z,1755698459432,12.11738200000003
2025-08-20T14:01:04.449Z,1755698464449,12.117052000000031
2025-08-20T14:01:09.461Z,1755698469461,12.11557800000003
2025-08-20T14:01:14.443Z,1755698474443,12.11573200000003
2025-08-20T14:01:14.443Z,1755698474443,12.115820000000028
2025-08-20T14:01:19.458Z,1755698479458,12.115336000000028
2025-08-20T14:01:19.458Z,1755698479458,12.114896000000027
2025-08-20T14:01:24.477Z,1755698484477,12.113400000000027
2025-08-20T14:01:29.456Z,1755698489456,12.111970000000026
2025-08-20T14:01:34.465Z,1755698494465,12.111618000000028
2025-08-20T14:01:39.478Z,1755698499478,12.11010000000003
2025-08-20T14:01:44.491Z,1755698504491,12.108978000000029
2025-08-20T14:01:49.484Z,1755698509484,12.107460000000028
2025-08-20T14:01:54.493Z,1755698514493,12.105590000000028
2025-08-20T14:01:59.400Z,1755698519400,12.103830000000027
2025-08-20T14:02:04.415Z,1755698524415,12.10312600000003
2025-08-20T14:02:09.400Z,1755698529400,12.10259800000003
2025-08-20T14:02:14.410Z,1755698534410,12.102070000000031
2025-08-20T14:02:19.411Z,1755698539411,12.100882000000029
2025-08-20T14:02:24.403Z,1755698544403,12.099452000000028
2025-08-20T14:02:29.419Z,1755698549419,11.925894000000028
2025-08-20T14:02:49.452Z,1755698569452,11.752116000000028
2025-08-20T14:02:54.457Z,1755698574457,11.578690000000028
2025-08-20T14:02:59.479Z,1755698579479,11.405110000000029
2025-08-20T14:03:04.458Z,1755698584458,11.23192600000003
2025-08-20T14:03:09.483Z,1755698589483,11.05819200000003
2025-08-20T14:03:14.500Z,1755698594500,10.885492000000031
2025-08-20T14:03:19.477Z,1755698599477,10.713188000000033
2025-08-20T14:03:24.491Z,1755698604491,10.540202000000031
2025-08-20T14:04:24.467Z,1755698664467,10.368492000000034
2025-08-20T14:04:29.483Z,1755698669483,10.195550000000033
2025-08-20T14:05:39.460Z,1755698739460,10.022278000000032
2025-08-20T14:05:49.464Z,1755698749464,9.849138000000032
2025-08-20T14:06:24.420Z,1755698784420,9.676306000000032
2025-08-20T14:06:29.421Z,1755698789421,9.502638000000031
2025-08-20T14:06:39.443Z,1755698799443,9.329740000000031
2025-08-20T14:06:44.429Z,1755698804429,9.156930000000031
2025-08-20T14:06:59.472Z,1755698819472,8.98420800000003
2025-08-20T14:07:04.452Z,1755698824452,8.81069400000003
2025-08-20T14:07:14.477Z,1755698834477,8.63863200000003
2025-08-20T14:07:14.477Z,1755698834477,8.46639400000003
2025-08-20T14:07:19.503Z,1755698839503,8.293892000000028
2025-08-20T14:07:19.503Z,1755698839503,8.121192000000029
2025-08-20T14:07:34.411Z,1755698854411,7.947458000000028
2025-08-20T14:07:39.397Z,1755698859397,7.7747800000000264
2025-08-20T14:07:44.422Z,1755698864422,7.602058000000027
2025-08-20T14:07:49.442Z,1755698869442,7.428390000000027
2025-08-20T14:07:54.436Z,1755698874436,7.255052000000027
2025-08-20T14:07:59.439Z,1755698879439,7.0813840000000265
2025-08-20T14:08:09.454Z,1755698889454,6.908222000000026
2025-08-20T14:08:14.481Z,1755698894481,6.735808000000025
2025-08-20T14:09:09.453Z,1755698949453,6.563042000000025
2025-08-20T14:09:14.429Z,1755698954429,6.3908700000000245
2025-08-20T14:09:24.448Z,1755698964448,6.2187860000000255
2025-08-20T14:09:29.459Z,1755698969459,6.047054000000024
2025-08-20T14:09:39.455Z,1755698979455,5.875300000000025
2025-08-20T14:09:44.474Z,1755698984474,5.703150000000025
2025-08-20T14:10:19.410Z,1755699019410,5.5298560000000245
2025-08-20T14:10:24.422Z,1755699024422,5.528602000000024
2025-08-20T14:10:59.485Z,1755699059485,5.528602000000024
2025-08-20T14:11:04.454Z,1755699064454,5.528602000000024
2025-08-20T14:11:44.510Z,1755699104510,5.528646000000025
2025-08-20T14:11:49.504Z,1755699109504,5.528646000000025
2025-08-20T14:12:04.444Z,1755699124444,5.5286680000000255
2025-08-20T14:12:09.420Z,1755699129420,5.528690000000025
2025-08-20T14:12:14.435Z,1755699134435,5.528690000000025
2025-08-20T14:12:19.448Z,1755699139448,5.528690000000025
2025-08-20T14:12:34.464Z,1755699154464,5.528690000000025
2025-08-20T14:12:39.454Z,1755699159454,5.528690000000025
2025-08-20T14:12:39.454Z,1755699159454,5.5286680000000255
2025-08-20T14:13:34.451Z,1755699214451,5.528646000000025
2025-08-20T14:13:34.451Z,1755699214451,5.528646000000025
2025-08-20T14:13:39.465Z,1755699219465,5.528646000000025
2025-08-20T14:14:09.459Z,1755699249459,5.528646000000025
2025-08-20T14:14:14.479Z,1755699254479,5.528646000000025
2025-08-20T14:14:19.503Z,1755699259503,5.528646000000025
2025-08-20T14:14:24.521Z,1755699264521,5.528646000000025
2025-08-20T14:14:29.400Z,1755699269400,5.529878000000025
2025-08-20T14:14:34.404Z,1755699274404,5.531110000000025
2025-08-20T14:14:39.425Z,1755699279425,5.703788000000026
2025-08-20T14:14:44.448Z,1755699284448,5.876290000000027
2025-08-20T14:14:49.430Z,1755699289430,6.047934000000026
2025-08-20T14:14:54.428Z,1755699294428,6.219424000000027
2025-08-20T14:14:59.445Z,1755699299445,6.220084000000027
2025-08-20T14:15:04.453Z,1755699304453,6.219182000000027
2025-08-20T14:15:09.473Z,1755699309473,6.217708000000027
2025-08-20T14:15:14.458Z,1755699314458,6.216872000000026
2025-08-20T14:15:19.471Z,1755699319471,6.215178000000026
2025-08-20T14:15:24.483Z,1755699324483,6.214716000000026
2025-08-20T14:15:29.469Z,1755699329469,6.214672000000027
2025-08-20T14:15:34.489Z,1755699334489,6.386734000000027
2025-08-20T14:15:39.507Z,1755699339507,6.558774000000028
2025-08-20T14:15:44.496Z,1755699344496,6.730352000000028
2025-08-20T14:15:54.414Z,1755699354414,6.9004120000000295
2025-08-20T14:15:59.410Z,1755699359410,7.07023000000003
2025-08-20T14:16:04.428Z,1755699364428,7.068624000000029
2025-08-20T14:16:09.424Z,1755699369424,7.067348000000029
2025-08-20T14:16:14.438Z,1755699374438,7.0664020000000285
2025-08-20T14:16:19.466Z,1755699379466,7.065544000000029
2025-08-20T14:16:24.466Z,1755699384466,7.064290000000031
2025-08-20T14:16:29.464Z,1755699389464,7.06382800000003
2025-08-20T14:16:34.461Z,1755699394461,7.06378400000003
2025-08-20T14:16:39.488Z,1755699399488,6.892074000000029
2025-08-20T14:16:54.475Z,1755699414475,6.719748000000029
2025-08-20T14:16:59.499Z,1755699419499,6.547444000000029
2025-08-20T14:17:14.410Z,1755699434410,6.375272000000028
2025-08-20T14:17:19.427Z,1755699439427,6.203122000000028
2025-08-20T14:17:54.459Z,1755699474459,6.031764000000027
2025-08-20T14:17:59.449Z,1755699479449,5.859570000000027
2025-08-20T14:18:14.490Z,1755699494490,5.686936000000027
2025-08-20T14:18:24.477Z,1755699504477,5.515226000000026
2025-08-20T14:18:24.477Z,1755699504477,5.343164000000026
2025-08-20T14:19:19.457Z,1755699559457,5.172994000000025
2025-08-20T14:19:19.457Z,1755699559457,5.002670000000025
2025-08-20T14:19:24.479Z,1755699564479,5.004320000000025
2025-08-20T14:19:29.462Z,1755699569462,5.0037920000000256
2025-08-20T14:19:34.470Z,1755699574470,5.003748000000026
2025-08-20T14:19:39.482Z,1755699579482,5.005398000000025
2025-08-20T14:19:49.486Z,1755699589486,5.007158000000025
2025-08-20T14:19:54.510Z,1755699594510,5.008654000000025
2025-08-20T14:19:59.401Z,1755699599401,5.181530000000025
2025-08-20T14:20:04.412Z,1755699604412,5.355462000000026
2025-08-20T14:20:09.425Z,1755699609425,5.528844000000026
2025-08-20T14:20:14.447Z,1755699614447,5.701874000000027
2025-08-20T14:20:19.456Z,1755699619456,5.873496000000028
2025-08-20T14:20:24.434Z,1755699624434,6.047274000000027
2025-08-20T14:20:29.453Z,1755699629453,6.2200840000000275
2025-08-20T14:20:34.470Z,1755699634470,6.393532000000029
2025-08-20T14:20:39.467Z,1755699639467,6.567024000000028
2025-08-20T14:20:44.477Z,1755699644477,6.7398780000000285
2025-08-20T14:20:49.460Z,1755699649460,6.913040000000028
2025-08-20T14:20:54.474Z,1755699654474,7.085080000000029
2025-08-20T14:20:59.493Z,1755699659493,7.257384000000029
2025-08-20T14:21:04.511Z,1755699664511,7.430722000000029
2025-08-20T14:21:09.499Z,1755699669499,7.6033780000000295
2025-08-20T14:21:14.490Z,1755699674490,7.7764740000000305
2025-08-20T14:21:19.500Z,1755699679500,7.949614000000031
2025-08-20T14:21:24.516Z,1755699684516,8.12139000000003
2025-08-20T14:21:29.402Z,1755699689402,8.294134000000032
2025-08-20T14:21:34.413Z,1755699694413,8.466460000000032
2025-08-20T14:21:39.427Z,1755699699427,8.637994000000031
2025-08-20T14:21:44.451Z,1755699704451,8.810606000000032
2025-08-20T14:21:49.420Z,1755699709420,8.983042000000033
2025-08-20T14:21:54.437Z,1755699714437,9.156314000000032
2025-08-20T14:21:59.453Z,1755699719453,9.329080000000033
2025-08-20T14:22:04.430Z,1755699724430,9.502044000000033
2025-08-20T14:22:09.444Z,1755699729444,9.674414000000034
2025-08-20T14:22:14.458Z,1755699734458,9.846894000000034
2025-08-20T14:22:19.467Z,1755699739467,10.019418000000035
2025-08-20T14:22:24.474Z,1755699744474,10.192162000000035
2025-08-20T14:22:29.474Z,1755699749474,10.365324000000037
2025-08-20T14:22:34.489Z,1755699754489,10.538222000000035
2025-08-20T14:22:39.507Z,1755699759507,10.710460000000035
2025-08-20T14:22:44.397Z,1755699764397,10.883886000000034
2025-08-20T14:22:49.415Z,1755699769415,11.055640000000034
2025-08-20T14:22:54.433Z,1755699774433,11.227680000000035
2025-08-20T14:22:59.417Z,1755699779417,11.399412000000034
2025-08-20T14:23:04.428Z,1755699784428,11.570858000000033
2025-08-20T14:23:09.443Z,1755699789443,11.743580000000033
2025-08-20T14:23:14.453Z,1755699794453,11.916852000000032
2025-08-20T14:23:19.452Z,1755699799452,12.089574000000034
2025-08-20T14:23:24.465Z,1755699804465,12.262362000000032
2025-08-20T14:23:29.486Z,1755699809486,12.435458000000033
2025-08-20T14:23:34.470Z,1755699814470,12.609258000000032
2025-08-20T14:23:39.481Z,1755699819481,12.782376000000031
2025-08-20T14:23:44.474Z,1755699824474,12.78239800000003
2025-08-20T14:23:49.487Z,1755699829487,12.782376000000031
2025-08-20T14:23:54.482Z,1755699834482,12.78239800000003
2025-08-20T14:24:14.530Z,1755699854530,12.782376000000031
2025-08-20T14:24:24.432Z,1755699864432,12.782376000000031
2025-08-20T14:24:29.424Z,1755699869424,12.782420000000032
2025-08-20T14:24:34.440Z,1755699874440,12.78244200000003
2025-08-20T14:25:04.472Z,1755699904472,12.78367400000003
2025-08-20T14:25:14.474Z,1755699914474,12.956440000000029
2025-08-20T14:25:14.474Z,1755699914474,13.12918400000003
2025-08-20T14:25:19.495Z,1755699919495,13.30245600000003
2025-08-20T14:25:19.495Z,1755699919495,13.475706000000029
2025-08-20T14:25:24.513Z,1755699924513,13.647614000000027
2025-08-20T14:25:29.494Z,1755699929494,13.819060000000029
2025-08-20T14:25:34.417Z,1755699934417,13.81965400000003
2025-08-20T14:25:39.449Z,1755699939449,13.81996200000003
2025-08-20T14:25:44.417Z,1755699944417,13.820666000000028
2025-08-20T14:25:49.415Z,1755699949415,13.820578000000028
2025-08-20T14:25:54.433Z,1755699954433,13.820490000000028
2025-08-20T14:25:59.459Z,1755699959459,13.821568000000028
2025-08-20T14:26:04.436Z,1755699964436,13.821964000000028
2025-08-20T14:26:09.458Z,1755699969458,13.823790000000029
2025-08-20T14:26:14.447Z,1755699974447,13.825066000000028
2025-08-20T14:26:19.467Z,1755699979467,13.816530000000027
2025-08-20T14:26:24.493Z,1755699984493,13.815320000000028
2025-08-20T14:26:29.477Z,1755699989477,13.814924000000028
2025-08-20T14:26:34.499Z,1755699994499,13.816024000000027
2025-08-20T14:26:39.491Z,1755699999491,13.816618000000028
2025-08-20T14:26:44.505Z,1755700004505,13.818048000000028
2025-08-20T14:26:49.412Z,1755700009412,13.819060000000029
2025-08-20T14:26:54.421Z,1755700014421,13.819984000000028
2025-08-20T14:26:59.436Z,1755700019436,13.822250000000029
2025-08-20T14:27:04.449Z,1755700024449,13.82407600000003
2025-08-20T14:27:09.434Z,1755700029434,13.824934000000031
2025-08-20T14:27:14.434Z,1755700034434,13.65395000000003
2025-08-20T14:27:34.458Z,1755700054458,13.483428000000028
2025-08-20T14:27:44.477Z,1755700064477,13.48347200000003
2025-08-20T14:27:49.482Z,1755700069482,13.65518200000003
2025-08-20T14:27:54.505Z,1755700074505,13.827200000000028
2025-08-20T14:28:04.511Z,1755700084511,13.999680000000028
2025-08-20T14:28:09.504Z,1755700089504,14.172094000000026
2025-08-20T14:28:14.424Z,1755700094424,14.344134000000027
2025-08-20T14:28:19.425Z,1755700099425,14.516240000000025
2025-08-20T14:28:24.437Z,1755700104437,14.687312000000025
2025-08-20T14:28:29.419Z,1755700109419,14.859088000000025
2025-08-20T14:28:34.437Z,1755700114437,15.031282000000024
2025-08-20T14:28:39.459Z,1755700119459,15.203102000000024
2025-08-20T14:28:44.440Z,1755700124440,15.374240000000022
2025-08-20T14:28:49.440Z,1755700129440,15.54465200000002
2025-08-20T14:28:54.447Z,1755700134447,15.544212000000023
2025-08-20T14:28:59.463Z,1755700139463,15.545246000000025
2025-08-20T14:29:04.476Z,1755700144476,15.545752000000025
2025-08-20T14:29:09.474Z,1755700149474,15.544542000000025
2025-08-20T14:29:14.510Z,1755700154510,15.543376000000023
2025-08-20T14:29:19.470Z,1755700159470,15.540912000000024
2025-08-20T14:29:24.485Z,1755700164485,15.539922000000022
2025-08-20T14:29:29.500Z,1755700169500,15.537018000000021
2025-08-20T14:29:34.512Z,1755700174512,15.535280000000022
2025-08-20T14:29:39.497Z,1755700179497,15.53288200000002
2025-08-20T14:29:44.503Z,1755700184503,15.53275000000002
2025-08-20T14:29:49.515Z,1755700189515,15.529956000000018
2025-08-20T14:29:54.422Z,1755700194422,15.52850400000002
2025-08-20T14:29:59.455Z,1755700199455,15.52782200000002
2025-08-20T14:30:04.434Z,1755700204434,15.527492000000018
2025-08-20T14:30:09.453Z,1755700209453,15.527008000000016
2025-08-20T14:30:14.440Z,1755700214440,15.525798000000018
2025-08-20T14:30:19.455Z,1755700219455,15.525248000000017
2025-08-20T14:30:24.467Z,1755700224467,15.524786000000017
2025-08-20T14:30:29.495Z,1755700229495,15.522080000000017
2025-08-20T14:30:34.468Z,1755700234468,15.520892000000018
2025-08-20T14:30:39.483Z,1755700239483,15.518230000000017
2025-08-20T14:30:44.498Z,1755700244498,15.515964000000018
2025-08-20T14:30:49.500Z,1755700249500,15.515832000000016
2025-08-20T14:30:54.492Z,1755700254492,15.514116000000017
2025-08-20T14:30:59.492Z,1755700259492,15.513588000000018
2025-08-20T14:31:04.506Z,1755700264506,15.513412000000018
2025-08-20T14:31:09.419Z,1755700269419,15.513390000000017
2025-08-20T14:31:14.454Z,1755700274454,15.513126000000018
2025-08-20T14:31:14.454Z,1755700274454,15.512048000000018
2025-08-20T14:31:19.419Z,1755700279419,15.510376000000019
2025-08-20T14:31:19.419Z,1755700279419,15.50852800000002
2025-08-20T14:31:24.432Z,1755700284432,15.508814000000019
2025-08-20T14:31:29.443Z,1755700289443,15.508044000000018
2025-08-20T14:31:34.467Z,1755700294467,15.506900000000016
2025-08-20T14:31:39.461Z,1755700299461,15.506152000000016
2025-08-20T14:31:44.476Z,1755700304476,15.504678000000014
2025-08-20T14:31:49.460Z,1755700309460,15.503182000000015
2025-08-20T14:31:54.468Z,1755700314468,15.502984000000016
2025-08-20T14:31:59.483Z,1755700319483,15.500696000000014
2025-08-20T14:32:04.492Z,1755700324492,15.500278000000014
2025-08-20T14:32:09.478Z,1755700329478,15.499090000000015
2025-08-20T14:32:14.485Z,1755700334485,15.500366000000016
2025-08-20T14:32:19.495Z,1755700339495,15.501026000000016
2025-08-20T14:32:24.509Z,1755700344509,15.500520000000016
2025-08-20T14:32:29.514Z,1755700349514,15.498826000000015
2025-08-20T14:32:34.422Z,1755700354422,15.498540000000014
2025-08-20T14:32:39.430Z,1755700359430,15.497264000000014
2025-08-20T14:32:44.442Z,1755700364442,15.496296000000013
2025-08-20T14:32:49.425Z,1755700369425,15.493216000000013
2025-08-20T14:32:54.434Z,1755700374434,15.491082000000015
2025-08-20T14:32:59.439Z,1755700379439,15.663210000000015
2025-08-20T14:33:04.450Z,1755700384450,15.834458000000014
2025-08-20T14:33:09.461Z,1755700389461,16.006344000000013
2025-08-20T14:33:14.476Z,1755700394476,16.178032000000012
2025-08-20T14:33:19.481Z,1755700399481,16.34958800000001
2025-08-20T14:33:24.489Z,1755700404489,16.522332000000013
2025-08-20T14:33:29.500Z,1755700409500,16.695010000000014
2025-08-20T14:33:34.471Z,1755700414471,16.866016000000013
2025-08-20T14:33:39.481Z,1755700419481,16.864630000000012
2025-08-20T14:33:44.496Z,1755700424496,16.863706000000015
2025-08-20T14:33:49.505Z,1755700429505,16.86245200000001
2025-08-20T14:33:54.515Z,1755700434515,16.86150600000001
2025-08-20T14:33:59.432Z,1755700439432,16.85948200000001
2025-08-20T14:34:04.448Z,1755700444448,16.85862400000001
2025-08-20T14:34:09.412Z,1755700449412,16.85605000000001
2025-08-20T14:34:14.420Z,1755700454420,16.855126000000013
2025-08-20T14:34:19.436Z,1755700459436,16.85341000000001
2025-08-20T14:34:24.450Z,1755700464450,16.853916000000012
2025-08-20T14:34:29.457Z,1755700469457,16.853476000000015
2025-08-20T14:34:34.474Z,1755700474474,16.853586000000014
2025-08-20T14:34:39.448Z,1755700479448,16.853366000000012
2025-08-20T14:34:44.456Z,1755700484456,16.85268400000001
2025-08-20T14:34:49.468Z,1755700489468,16.85171600000001
2025-08-20T14:34:54.476Z,1755700494476,16.860252000000013
2025-08-20T14:34:59.503Z,1755700499503,16.86007600000001
2025-08-20T14:35:04.472Z,1755700504472,16.85996600000001
2025-08-20T14:35:09.484Z,1755700509484,16.858008000000012
2025-08-20T14:35:14.504Z,1755700514504,16.857766000000012
2025-08-20T14:35:19.508Z,1755700519508,16.85708400000001
2025-08-20T14:35:24.421Z,1755700524421,16.856622000000012
2025-08-20T14:35:29.496Z,1755700529496,16.85589600000001
2025-08-20T14:35:34.405Z,1755700534405,16.85598400000001
2025-08-20T14:35:39.416Z,1755700539416,16.85440000000001
2025-08-20T14:35:44.432Z,1755700544432,16.85464200000001
2025-08-20T14:35:49.440Z,1755700549440,17.02573600000001
2025-08-20T14:35:54.451Z,1755700554451,17.196434000000007
2025-08-20T14:35:59.421Z,1755700559421,17.196126000000007
2025-08-20T14:36:04.443Z,1755700564443,17.196632000000008
2025-08-20T14:36:09.456Z,1755700569456,17.19610400000001
2025-08-20T14:36:19.436Z,1755700579436,17.19405800000001
2025-08-20T14:36:24.450Z,1755700584450,17.19311200000001
2025-08-20T14:36:29.458Z,1755700589458,17.19254000000001
2025-08-20T14:36:34.470Z,1755700594470,17.19254000000001
2025-08-20T14:36:39.482Z,1755700599482,17.194498000000014
2025-08-20T14:36:44.505Z,1755700604505,17.19529000000001
2025-08-20T14:36:49.518Z,1755700609518,17.19548800000001
2025-08-20T14:36:54.526Z,1755700614526,17.196588000000013
2025-08-20T14:36:59.499Z,1755700619499,17.196566000000015
2025-08-20T14:37:04.515Z,1755700624515,17.197248000000013
2025-08-20T14:37:09.422Z,1755700629422,17.197908000000012
2025-08-20T14:37:14.430Z,1755700634430,17.19830400000001
2025-08-20T14:37:14.430Z,1755700634430,17.19898600000001
2025-08-20T14:37:19.443Z,1755700639443,17.19777600000001
2025-08-20T14:37:19.443Z,1755700639443,17.19654400000001
2025-08-20T14:37:24.449Z,1755700644449,17.19720400000001
2025-08-20T14:37:29.459Z,1755700649459,17.19614800000001
2025-08-20T14:37:34.442Z,1755700654442,17.19702800000001
2025-08-20T14:37:39.449Z,1755700659449,17.196302000000014
2025-08-20T14:37:44.460Z,1755700664460,17.19691800000001
2025-08-20T14:37:49.472Z,1755700669472,17.19713800000001
2025-08-20T14:37:54.481Z,1755700674481,17.19812800000001
2025-08-20T14:37:59.459Z,1755700679459,17.19903000000001
2025-08-20T14:38:04.460Z,1755700684460,17.198150000000012
2025-08-20T14:38:09.470Z,1755700689470,17.197116000000012
2025-08-20T14:38:14.483Z,1755700694483,17.19753400000001
2025-08-20T14:38:19.490Z,1755700699490,17.198216000000013
2025-08-20T14:38:24.507Z,1755700704507,17.199602000000013
2025-08-20T14:38:29.513Z,1755700709513,17.199404000000012
2025-08-20T14:38:34.521Z,1755700714521,17.200086000000013
2025-08-20T14:38:39.495Z,1755700719495,17.200284000000014
2025-08-20T14:38:44.506Z,1755700724506,17.202242000000016
2025-08-20T14:38:49.416Z,1755700729416,17.201868000000015
2025-08-20T14:38:54.422Z,1755700734422,17.201846000000018
2025-08-20T14:39:04.417Z,1755700744417,17.202990000000014
2025-08-20T14:39:09.430Z,1755700749430,17.203012000000015
2025-08-20T14:39:14.444Z,1755700754444,17.203254000000015
2025-08-20T14:39:19.456Z,1755700759456,17.203100000000017
2025-08-20T14:39:24.466Z,1755700764466,17.203166000000014
2025-08-20T14:39:29.435Z,1755700769435,17.201890000000013
2025-08-20T14:39:34.444Z,1755700774444,17.204376000000014
2025-08-20T14:39:39.453Z,1755700779453,17.204288000000012
2025-08-20T14:39:44.467Z,1755700784467,17.203496000000015
2025-08-20T14:39:49.479Z,1755700789479,17.203870000000016
2025-08-20T14:39:54.485Z,1755700794485,17.203848000000015
2025-08-20T14:39:59.495Z,1755700799495,17.20336400000002
2025-08-20T14:40:04.509Z,1755700804509,17.20246200000002
2025-08-20T14:40:09.479Z,1755700809479,17.20263800000002
2025-08-20T14:40:14.503Z,1755700814503,17.20233000000002
2025-08-20T14:40:19.511Z,1755700819511,17.20241800000002
2025-08-20T14:40:24.420Z,1755700824420,17.20312200000002
2025-08-20T14:40:29.426Z,1755700829426,17.203056000000018
2025-08-20T14:40:34.435Z,1755700834435,17.202044000000015
2025-08-20T14:40:39.450Z,1755700839450,17.202242000000016
2025-08-20T14:40:44.464Z,1755700844464,17.202330000000014
2025-08-20T14:40:49.474Z,1755700849474,17.202418000000016
2025-08-20T14:40:54.457Z,1755700854457,17.200922000000016
2025-08-20T14:40:59.462Z,1755700859462,17.201604000000017
2025-08-20T14:41:04.475Z,1755700864475,17.200856000000016
2025-08-20T14:41:09.486Z,1755700869486,17.201032000000016
2025-08-20T14:41:14.490Z,1755700874490,17.202352000000015
2025-08-20T14:41:19.511Z,1755700879511,17.201890000000013
2025-08-20T14:41:24.481Z,1755700884481,17.202814000000014
2025-08-20T14:41:29.496Z,1755700889496,17.202484000000016
2025-08-20T14:41:34.503Z,1755700894503,17.203144000000016
2025-08-20T14:41:39.511Z,1755700899511,17.203056000000014
2025-08-20T14:41:44.425Z,1755700904425,17.201824000000016
2025-08-20T14:41:49.538Z,1755700909538,17.201956000000013
2025-08-20T14:41:54.406Z,1755700914406,17.202066000000013
2025-08-20T14:41:59.419Z,1755700919419,17.201582000000016
2025-08-20T14:42:04.430Z,1755700924430,17.201186000000014
2025-08-20T14:42:09.437Z,1755700929437,17.200394000000014
2025-08-20T14:42:14.453Z,1755700934453,17.199712000000016
2025-08-20T14:42:19.429Z,1755700939429,17.199844000000013
2025-08-20T14:42:24.441Z,1755700944441,17.199844000000013
2025-08-20T14:42:29.454Z,1755700949454,17.200944000000014
2025-08-20T14:42:34.479Z,1755700954479,17.201516000000016
2025-08-20T14:42:39.455Z,1755700959455,17.201582000000016
2025-08-20T14:42:44.458Z,1755700964458,17.200746000000017
2025-08-20T14:42:49.490Z,1755700969490,17.200130000000016
2025-08-20T14:42:54.502Z,1755700974502,17.199404000000012
2025-08-20T14:42:59.479Z,1755700979479,17.199030000000015
2025-08-20T14:43:04.514Z,1755700984514,17.198216000000016
2025-08-20T14:43:09.491Z,1755700989491,17.198128000000015
2025-08-20T14:43:14.510Z,1755700994510,17.198612000000015
2025-08-20T14:43:14.510Z,1755700994510,17.199426000000013
2025-08-20T14:43:19.520Z,1755700999520,17.199976000000014
2025-08-20T14:43:19.520Z,1755700999520,17.200922000000016
2025-08-20T14:43:24.536Z,1755701004536,17.200856000000016
2025-08-20T14:43:29.448Z,1755701009448,17.199668000000017
2025-08-20T14:43:34.409Z,1755701014409,17.199492000000017
2025-08-20T14:43:39.424Z,1755701019424,17.199778000000016
2025-08-20T14:43:44.431Z,1755701024431,17.199492000000017
2025-08-20T14:43:49.448Z,1755701029448,17.19984400000002
2025-08-20T14:43:54.455Z,1755701034455,17.19894200000002
2025-08-20T14:43:59.441Z,1755701039441,17.19966800000002
2025-08-20T14:44:04.451Z,1755701044451,17.199206000000018
2025-08-20T14:44:09.463Z,1755701049463,17.19861200000002
2025-08-20T14:44:14.480Z,1755701054480,17.197446000000017
2025-08-20T14:44:19.493Z,1755701059493,17.198106000000017
2025-08-20T14:44:29.517Z,1755701069517,17.199932000000018
2025-08-20T14:44:34.499Z,1755701074499,17.19999800000002
2025-08-20T14:44:39.506Z,1755701079506,17.20063600000002
2025-08-20T14:44:44.525Z,1755701084525,17.19995400000002
2025-08-20T14:44:49.509Z,1755701089509,17.19874400000002
2025-08-20T14:44:54.421Z,1755701094421,17.198238000000018
2025-08-20T14:44:59.440Z,1755701099440,17.19856800000002
2025-08-20T14:45:04.424Z,1755701104424,17.19716000000002
2025-08-20T14:45:09.435Z,1755701109435,17.196456000000023
2025-08-20T14:45:14.436Z,1755701114436,17.195202000000023
2025-08-20T14:45:19.449Z,1755701119449,17.193442000000022
2025-08-20T14:45:24.471Z,1755701124471,17.192100000000025
2025-08-20T14:45:29.480Z,1755701129480,17.190230000000025
2025-08-20T14:45:34.495Z,1755701134495,17.19060400000002
2025-08-20T14:45:39.476Z,1755701139476,17.190406000000024
2025-08-20T14:45:44.491Z,1755701144491,17.189966000000023
2025-08-20T14:45:49.504Z,1755701149504,17.19029600000002
2025-08-20T14:45:54.490Z,1755701154490,17.18981200000002
2025-08-20T14:45:59.400Z,1755701159400,17.19053800000002
2025-08-20T14:46:04.434Z,1755701164434,17.192078000000024
2025-08-20T14:46:09.508Z,1755701169508,17.192672000000023
2025-08-20T14:46:14.428Z,1755701174428,17.19251800000002
2025-08-20T14:46:19.421Z,1755701179421,17.191330000000022
2025-08-20T14:46:24.443Z,1755701184443,17.191330000000022
2025-08-20T14:46:29.455Z,1755701189455,17.18987800000002
2025-08-20T14:46:34.464Z,1755701194464,17.18860200000002
2025-08-20T14:46:39.448Z,1755701199448,17.18710600000002
2025-08-20T14:46:44.469Z,1755701204469,17.18673200000002
2025-08-20T14:46:49.463Z,1755701209463,17.18594000000002
2025-08-20T14:46:54.483Z,1755701214483,17.18699600000002
2025-08-20T14:46:59.495Z,1755701219495,17.18642400000002
2025-08-20T14:47:04.514Z,1755701224514,17.186138000000017
2025-08-20T14:47:09.492Z,1755701229492,17.18662200000002
2025-08-20T14:47:14.493Z,1755701234493,17.18699600000002
2025-08-20T14:47:19.505Z,1755701239505,17.18583000000002
2025-08-20T14:47:24.517Z,1755701244517,17.18550000000002
2025-08-20T14:47:29.489Z,1755701249489,17.18413600000002
2025-08-20T14:47:34.515Z,1755701254515,17.182464000000017
2025-08-20T14:47:39.526Z,1755701259526,17.18140800000002
2025-08-20T14:47:44.411Z,1755701264411,17.18220000000002
2025-08-20T14:47:49.434Z,1755701269434,17.18110000000002
2025-08-20T14:47:54.416Z,1755701274416,17.182002000000022
2025-08-20T14:47:59.431Z,1755701279431,17.18281600000002
2025-08-20T14:48:04.452Z,1755701284452,17.18250800000002
2025-08-20T14:48:09.429Z,1755701289429,17.18314600000002
2025-08-20T14:48:14.443Z,1755701294443,17.18431200000002
2025-08-20T14:48:19.457Z,1755701299457,17.185544000000018
2025-08-20T14:48:24.468Z,1755701304468,17.18719400000002
2025-08-20T14:48:29.448Z,1755701309448,17.187282000000017
2025-08-20T14:48:34.459Z,1755701314459,17.186732000000017
2025-08-20T14:48:39.468Z,1755701319468,17.18550000000002
2025-08-20T14:48:44.482Z,1755701324482,17.18561000000002
2025-08-20T14:48:49.494Z,1755701329494,17.185126000000018
2025-08-20T14:48:54.510Z,1755701334510,17.185170000000017
2025-08-20T14:48:59.526Z,1755701339526,17.184048000000022
2025-08-20T14:49:04.419Z,1755701344419,17.18415800000002
2025-08-20T14:49:09.435Z,1755701349435,17.18554400000002
2025-08-20T14:49:14.417Z,1755701354417,17.18640200000002
2025-08-20T14:49:14.417Z,1755701354417,17.18809600000002
2025-08-20T14:49:19.429Z,1755701359429,17.18886600000002
2025-08-20T14:49:19.429Z,1755701359429,17.188250000000018
2025-08-20T14:49:24.442Z,1755701364442,17.18792000000002
2025-08-20T14:49:29.461Z,1755701369461,17.18745800000002
2025-08-20T14:49:34.449Z,1755701374449,17.186864000000018
2025-08-20T14:49:39.465Z,1755701379465,17.185962000000018
2025-08-20T14:49:44.446Z,1755701384446,17.18629200000002
2025-08-20T14:49:49.462Z,1755701389462,17.18488400000002
2025-08-20T14:49:54.484Z,1755701394484,17.18253000000002
2025-08-20T14:49:59.494Z,1755701399494,17.18083600000002
2025-08-20T14:50:04.496Z,1755701404496,17.18085800000002
2025-08-20T14:50:09.511Z,1755701409511,17.180902000000017
2025-08-20T14:50:14.533Z,1755701414533,17.18222200000002
2025-08-20T14:50:19.520Z,1755701419520,17.182288000000018
2025-08-20T14:50:24.409Z,1755701424409,17.18407000000002
2025-08-20T14:50:29.424Z,1755701429424,17.18442200000002
2025-08-20T14:50:34.435Z,1755701434435,17.18440000000002
2025-08-20T14:50:39.453Z,1755701439453,17.184202000000024
2025-08-20T14:50:44.435Z,1755701444435,17.185016000000022
2025-08-20T14:50:49.447Z,1755701449447,17.184180000000023
2025-08-20T14:50:54.440Z,1755701454440,17.184180000000023
2025-08-20T14:50:59.461Z,1755701459461,17.183542000000024
2025-08-20T14:51:04.479Z,1755701464479,17.183278000000026
2025-08-20T14:51:09.504Z,1755701469504,17.183256000000025
2025-08-20T14:51:14.480Z,1755701474480,17.184180000000023
2025-08-20T14:51:19.491Z,1755701479491,17.183762000000023
2025-08-20T14:51:24.475Z,1755701484475,17.183476000000027
2025-08-20T14:51:29.494Z,1755701489494,17.183388000000026
2025-08-20T14:51:34.509Z,1755701494509,17.183630000000022
2025-08-20T14:51:39.492Z,1755701499492,17.18374000000002
2025-08-20T14:51:44.520Z,1755701504520,17.18530200000002
2025-08-20T14:51:49.500Z,1755701509500,17.185500000000022
2025-08-20T14:51:54.513Z,1755701514513,17.185258000000022
2025-08-20T14:51:59.442Z,1755701519442,17.18334400000002
2025-08-20T14:52:04.437Z,1755701524437,17.18288200000002
2025-08-20T14:52:09.448Z,1755701529448,17.18314600000002
2025-08-20T14:52:14.470Z,1755701534470,17.18303600000002
2025-08-20T14:52:19.439Z,1755701539439,17.18365200000002
2025-08-20T14:52:24.451Z,1755701544451,17.01214000000002
2025-08-20T14:52:29.462Z,1755701549462,16.84111200000002
2025-08-20T14:52:34.460Z,1755701554460,16.66898400000002
2025-08-20T14:54:19.525Z,1755701659525,16.49670200000002
2025-08-20T14:54:24.509Z,1755701664509,16.32519000000002
2025-08-20T14:54:24.509Z,1755701664509,16.15308400000002
2025-08-20T14:55:24.507Z,1755701724507,15.98170400000002
2025-08-20T14:55:24.507Z,1755701724507,15.809906000000021
2025-08-20T14:55:29.511Z,1755701729511,15.637866000000022
2025-08-20T14:55:49.452Z,1755701749452,15.465122000000022
2025-08-20T14:55:54.462Z,1755701754462,15.293610000000022
2025-08-20T14:57:24.457Z,1755701844457,15.121966000000022
2025-08-20T14:57:34.469Z,1755701854469,14.950850000000024
2025-08-20T14:57:39.494Z,1755701859494,14.779998000000024
2025-08-20T14:57:54.503Z,1755701874503,14.608200000000025
2025-08-20T14:57:59.491Z,1755701879491,14.436974000000026
2025-08-20T14:58:04.495Z,1755701884495,14.265660000000025
2025-08-20T14:58:24.423Z,1755701904423,14.094896000000027
2025-08-20T14:58:29.434Z,1755701909434,13.923384000000025
2025-08-20T14:58:39.449Z,1755701919449,13.752246000000028
2025-08-20T14:58:44.471Z,1755701924471,13.580844000000027
2025-08-20T14:59:34.519Z,1755701974519,13.409156000000028
2025-08-20T14:59:39.506Z,1755701979506,13.236368000000027
2025-08-20T15:00:44.513Z,1755702044513,13.064108000000028
2025-08-20T15:00:49.529Z,1755702049529,12.89226600000003
2025-08-20T15:00:54.510Z,1755702054510,12.721216000000032
2025-08-20T15:00:59.439Z,1755702059439,12.549352000000031
2025-08-20T15:00:59.439Z,1755702059439,12.37867600000003
2025-08-20T15:01:44.496Z,1755702104496,12.207164000000033
2025-08-20T15:01:44.496Z,1755702104496,12.036048000000033
2025-08-20T15:01:49.491Z,1755702109491,11.863524000000032
2025-08-20T15:01:59.515Z,1755702119515,11.692694000000033
2025-08-20T15:02:04.506Z,1755702124506,11.520302000000033
2025-08-20T15:02:34.455Z,1755702154455,11.349230000000034
2025-08-20T15:02:39.469Z,1755702159469,11.177102000000033
2025-08-20T15:02:59.481Z,1755702179481,11.006140000000034
2025-08-20T15:03:04.494Z,1755702184494,10.834100000000035
2025-08-20T15:03:09.474Z,1755702189474,10.663094000000035
2025-08-20T15:03:44.437Z,1755702224437,10.491648000000037
2025-08-20T15:03:49.444Z,1755702229444,10.321434000000036
2025-08-20T15:04:29.489Z,1755702269489,10.150692000000037
2025-08-20T15:04:39.495Z,1755702279495,9.979510000000037
2025-08-20T15:04:54.501Z,1755702294501,9.807800000000036
2025-08-20T15:04:59.523Z,1755702299523,9.635320000000036
2025-08-20T15:05:44.472Z,1755702344472,9.463390000000034
2025-08-20T15:05:49.485Z,1755702349485,9.290712000000035
2025-08-20T15:06:34.423Z,1755702394423,9.118936000000033
2025-08-20T15:06:44.447Z,1755702404447,8.946940000000033
2025-08-20T15:06:49.431Z,1755702409431,8.774306000000031
2025-08-20T15:06:54.457Z,1755702414457,8.602266000000032
2025-08-20T15:06:59.470Z,1755702419470,8.429016000000031
2025-08-20T15:07:09.458Z,1755702429458,8.257174000000031
2025-08-20T15:07:14.485Z,1755702434485,8.08649800000003
2025-08-20T15:07:14.485Z,1755702434485,7.91571200000003
2025-08-20T15:07:19.496Z,1755702439496,7.74479400000003
2025-08-20T15:07:19.496Z,1755702439496,7.57328200000003
2025-08-20T15:08:09.426Z,1755702489426,7.40093400000003
2025-08-20T15:08:14.445Z,1755702494445,7.22975200000003
2025-08-20T15:08:49.502Z,1755702529502,7.058020000000028
2025-08-20T15:08:54.471Z,1755702534471,6.885694000000028
2025-08-20T15:09:24.504Z,1755702564504,6.712642000000028
2025-08-20T15:09:34.527Z,1755702574527,6.539568000000028
2025-08-20T15:10:14.459Z,1755702614459,6.3678580000000276
2025-08-20T15:10:19.470Z,1755702619470,6.196170000000027
2025-08-20T15:10:29.473Z,1755702629473,6.0248120000000265
2025-08-20T15:10:34.497Z,1755702634497,5.853124000000026
2025-08-20T15:10:54.526Z,1755702654526,5.682184000000026
2025-08-20T15:10:59.511Z,1755702659511,5.510760000000025
2025-08-20T15:11:04.431Z,1755702664431,5.338984000000026
2025-08-20T15:11:09.522Z,1755702669522,5.168858000000025
2025-08-20T15:11:29.463Z,1755702689463,4.998424000000025
2025-08-20T15:11:39.468Z,1755702699468,4.827770000000025
2025-08-20T15:13:14.513Z,1755702794513,4.656896000000025
2025-08-20T15:13:14.513Z,1755702794513,4.485450000000025
2025-08-20T15:13:19.496Z,1755702799496,4.312926000000024
2025-08-20T15:13:19.496Z,1755702799496,4.141238000000024
2025-08-20T15:14:04.459Z,1755702844459,3.9682520000000236
2025-08-20T15:14:09.471Z,1755702849471,3.7960800000000234
2025-08-20T15:15:09.430Z,1755702909430,3.6243480000000234
2025-08-20T15:15:14.432Z,1755702914432,3.452088000000023
2025-08-20T15:15:44.475Z,1755702944475,3.2793660000000227
2025-08-20T15:15:49.464Z,1755702949464,3.1079200000000227
2025-08-20T15:17:09.482Z,1755703029482,2.935990000000022
2025-08-20T15:17:14.474Z,1755703034474,2.764324000000022
2025-08-20T15:18:19.454Z,1755703099454,2.592834000000022
2025-08-20T15:18:24.489Z,1755703104489,2.4213660000000217
2025-08-20T15:18:54.493Z,1755703134493,2.2487980000000216
2025-08-20T15:18:59.510Z,1755703139510,2.0766700000000213
2025-08-20T15:18:59.510Z,1755703139510,1.9044100000000213
2025-08-20T15:19:49.448Z,1755703189448,1.7323700000000215
2025-08-20T15:19:49.448Z,1755703189448,1.5600000000000216
2025-08-20T15:19:54.460Z,1755703194460,1.3880260000000215
2025-08-20T15:20:09.450Z,1755703209450,1.2156120000000217
2025-08-20T15:20:14.458Z,1755703214458,1.0440120000000217
2025-08-20T15:20:19.464Z,1755703219464,0.8718180000000217
2025-08-20T15:20:24.472Z,1755703224472,0.7011420000000217
2025-08-20T15:20:29.488Z,1755703229488,0.5296520000000217
2025-08-20T15:21:09.530Z,1755703269530,0.35827200000002174
2025-08-20T15:21:14.545Z,1755703274545,0.18654000000002172
2025-08-20T15:21:19.455Z,1755703279455,0.014456000000021696
2025-08-20T15:21:49.468Z,1755703309468,0.014412000000021696
2025-08-20T15:21:54.478Z,1755703314478,0.014390000000021696
2025-08-20T15:22:39.517Z,1755703359517,0.014412000000021696
2025-08-20T15:22:44.423Z,1755703364423,0.014434000000021697
2025-08-20T15:23:39.482Z,1755703419482,0.014456000000021696
2025-08-20T15:23:44.493Z,1755703424493,0.014456000000021696
2025-08-20T15:23:49.503Z,1755703429503,0.014456000000021696
2025-08-20T15:23:54.517Z,1755703434517,0.014434000000021697
2025-08-20T15:23:54.517Z,1755703434517,0.014434000000021697
2025-08-20T15:25:24.518Z,1755703524518,0.014478000000021696
2025-08-20T15:25:24.518Z,1755703524518,0.014500000000021695
2025-08-20T15:25:29.526Z,1755703529526,0.014456000000021696
2025-08-20T15:25:34.536Z,1755703534536,0.014478000000021696
2025-08-20T15:25:39.441Z,1755703539441,0.014456000000021696
2025-08-20T15:25:44.549Z,1755703544549,0.014478000000021696